target,task,comparison,train_version,test_version,fold,n_train,n_test,r2,pearson,spearman,rmse,nrmse,balanced_accuracy,macro_f1,roc_auc
tail_vigor,regression,within,raw,raw,0,2536,635,-3.446455185431021,0.23043210869173308,0.20851311006732703,2.1851962638274816,2.1086619419506345,,,
tail_vigor,regression,within,raw,raw,1,2533,635,-2.70444118348418,0.30493778554205114,0.27793964709417807,2.152115609348157,1.9246924906291345,,,
tail_vigor,regression,within,raw,raw,2,2534,634,-2.0878986782036475,0.250346565841885,0.23594719333448388,1.7411141433090538,1.7572417813731973,,,
tail_vigor,regression,within,raw,raw,3,2533,635,-1.7626421593793924,0.28032926510237477,0.23198899663731204,1.8061660632396497,1.6621197788906168,,,
tail_vigor,regression,within,raw,raw,4,2536,635,-1.9484201470658644,0.18745728295561911,0.18712961517440757,1.6405224921681094,1.717096429169272,,,
tail_vigor,regression,within,fastica/keep_top_01/cleaned_fastica_220127_F4_run2_fluorescence,fastica/keep_top_01/cleaned_fastica_220127_F4_run2_fluorescence,0,2536,635,-1.6942778768374747,-0.0355579701611048,-0.028784915843542685,1.7010014430988627,1.6414255623809064,,,
tail_vigor,regression,within,fastica/keep_top_01/cleaned_fastica_220127_F4_run2_fluorescence,fastica/keep_top_01/cleaned_fastica_220127_F4_run2_fluorescence,1,2533,635,-1.4206232083305568,0.03232895165923701,0.038453325172959546,1.7396738765340405,1.5558352124600332,,,
tail_vigor,regression,within,fastica/keep_top_01/cleaned_fastica_220127_F4_run2_fluorescence,fastica/keep_top_01/cleaned_fastica_220127_F4_run2_fluorescence,2,2534,634,-1.1065820540156257,-0.05773372729456477,-0.06504211674405949,1.4380861796306688,1.4514069222708101,,,
tail_vigor,regression,within,fastica/keep_top_01/cleaned_fastica_220127_F4_run2_fluorescence,fastica/keep_top_01/cleaned_fastica_220127_F4_run2_fluorescence,3,2533,635,-1.0900930750027915,-0.026665452195289117,-0.0782569561577559,1.5710071930315102,1.445715419784541,,,
tail_vigor,regression,within,fastica/keep_top_01/cleaned_fastica_220127_F4_run2_fluorescence,fastica/keep_top_01/cleaned_fastica_220127_F4_run2_fluorescence,4,2536,635,-0.620974339124202,0.02148014679093612,0.04281582679015611,1.2163976541412245,1.273174905158047,,,
tail_vigor,regression,within,fastica/keep_top_02/cleaned_fastica_220127_F4_run2_fluorescence,fastica/keep_top_02/cleaned_fastica_220127_F4_run2_fluorescence,0,2536,635,-1.3234885903127864,0.010612156908354558,0.012400391321410591,1.5796241384239846,1.524299376865577,,,
tail_vigor,regression,within,fastica/keep_top_02/cleaned_fastica_220127_F4_run2_fluorescence,fastica/keep_top_02/cleaned_fastica_220127_F4_run2_fluorescence,1,2533,635,-1.297490951114301,0.044614075126000005,0.05694633070578842,1.6948495420691625,1.5157476541675072,,,
tail_vigor,regression,within,fastica/keep_top_02/cleaned_fastica_220127_F4_run2_fluorescence,fastica/keep_top_02/cleaned_fastica_220127_F4_run2_fluorescence,2,2534,634,-1.494740482740057,-0.04808925487136087,-0.04731943387093197,1.5649786236818823,1.5794747490036227,,,
tail_vigor,regression,within,fastica/keep_top_02/cleaned_fastica_220127_F4_run2_fluorescence,fastica/keep_top_02/cleaned_fastica_220127_F4_run2_fluorescence,3,2533,635,-1.0610701634465634,0.016030867145256106,-0.014371875645015878,1.5600616052397076,1.4356427701369738,,,
tail_vigor,regression,within,fastica/keep_top_02/cleaned_fastica_220127_F4_run2_fluorescence,fastica/keep_top_02/cleaned_fastica_220127_F4_run2_fluorescence,4,2536,635,-2.2396174836510965,0.03480744179261801,0.04062514527596593,1.7196274580927078,1.799893742322334,,,
tail_vigor,regression,within,fastica/keep_top_03/cleaned_fastica_220127_F4_run2_fluorescence,fastica/keep_top_03/cleaned_fastica_220127_F4_run2_fluorescence,0,2536,635,-1.0542741394338155,0.17556242423144142,0.1535379315609224,1.485294897250582,1.4332739233774592,,,
tail_vigor,regression,within,fastica/keep_top_03/cleaned_fastica_220127_F4_run2_fluorescence,fastica/keep_top_03/cleaned_fastica_220127_F4_run2_fluorescence,1,2533,635,-0.8936836331507092,0.1999938858338599,0.19093948440593173,1.5387141883723727,1.3761117807615446,,,
tail_vigor,regression,within,fastica/keep_top_03/cleaned_fastica_220127_F4_run2_fluorescence,fastica/keep_top_03/cleaned_fastica_220127_F4_run2_fluorescence,2,2534,634,-1.0373177729788536,0.09168601264032679,0.0944060742808888,1.4142464898610787,1.427346409593289,,,
tail_vigor,regression,within,fastica/keep_top_03/cleaned_fastica_220127_F4_run2_fluorescence,fastica/keep_top_03/cleaned_fastica_220127_F4_run2_fluorescence,3,2533,635,-0.9338555708339427,0.14606424799036108,0.12223485914203949,1.5111493138071974,1.3906313569145285,,,
tail_vigor,regression,within,fastica/keep_top_03/cleaned_fastica_220127_F4_run2_fluorescence,fastica/keep_top_03/cleaned_fastica_220127_F4_run2_fluorescence,4,2536,635,-2.232442941462829,0.0785625105853766,0.06441487082480289,1.7177222365437343,1.7978995915964913,,,
tail_vigor,regression,within,fastica/keep_top_04/cleaned_fastica_220127_F4_run2_fluorescence,fastica/keep_top_04/cleaned_fastica_220127_F4_run2_fluorescence,0,2536,635,-2.13102539683122,0.20436299057291582,0.1679738746104663,1.8336936654381446,1.7694703718432867,,,
tail_vigor,regression,within,fastica/keep_top_04/cleaned_fastica_220127_F4_run2_fluorescence,fastica/keep_top_04/cleaned_fastica_220127_F4_run2_fluorescence,1,2533,635,-1.1056079553610818,0.2235098819406812,0.2195065816581022,1.6225309955495355,1.451071312982612,,,
tail_vigor,regression,within,fastica/keep_top_04/cleaned_fastica_220127_F4_run2_fluorescence,fastica/keep_top_04/cleaned_fastica_220127_F4_run2_fluorescence,2,2534,634,-1.2768142932145685,0.14403598957532043,0.14166307059146752,1.4950631152782918,1.5089116253825368,,,
tail_vigor,regression,within,fastica/keep_top_04/cleaned_fastica_220127_F4_run2_fluorescence,fastica/keep_top_04/cleaned_fastica_220127_F4_run2_fluorescence,3,2533,635,-1.1035586120018586,0.16239604137120003,0.13314221004223237,1.5760597174556492,1.4503649926835172,,,
tail_vigor,regression,within,fastica/keep_top_04/cleaned_fastica_220127_F4_run2_fluorescence,fastica/keep_top_04/cleaned_fastica_220127_F4_run2_fluorescence,4,2536,635,-2.4888768021388437,0.1536942333337272,0.1626702175575021,1.784556576287193,1.8678535280205577,,,
tail_vigor,regression,within,fastica/keep_top_05/cleaned_fastica_220127_F4_run2_fluorescence,fastica/keep_top_05/cleaned_fastica_220127_F4_run2_fluorescence,0,2536,635,-1.6430668192704783,0.2621419527498736,0.23043496797790686,1.6847581302660417,1.6257511553957074,,,
tail_vigor,regression,within,fastica/keep_top_05/cleaned_fastica_220127_F4_run2_fluorescence,fastica/keep_top_05/cleaned_fastica_220127_F4_run2_fluorescence,1,2533,635,-1.7391987707848728,0.26603520072952586,0.2612658868568317,1.8506147513693771,1.6550524978939107,,,
tail_vigor,regression,within,fastica/keep_top_05/cleaned_fastica_220127_F4_run2_fluorescence,fastica/keep_top_05/cleaned_fastica_220127_F4_run2_fluorescence,2,2534,634,-2.195488280060753,0.15343339445468662,0.15965215541693295,1.7711866783925267,1.7875928731287651,,,
tail_vigor,regression,within,fastica/keep_top_05/cleaned_fastica_220127_F4_run2_fluorescence,fastica/keep_top_05/cleaned_fastica_220127_F4_run2_fluorescence,3,2533,635,-1.5633252862100275,0.22917182265374206,0.2056141864019404,1.7397915660385646,1.601038814710633,,,
tail_vigor,regression,within,fastica/keep_top_05/cleaned_fastica_220127_F4_run2_fluorescence,fastica/keep_top_05/cleaned_fastica_220127_F4_run2_fluorescence,4,2536,635,-2.014289249933759,0.19061986362838196,0.18699857951797896,1.6587462970893234,1.7361708585083897,,,
tail_vigor,regression,within,fastica/keep_top_06/cleaned_fastica_220127_F4_run2_fluorescence,fastica/keep_top_06/cleaned_fastica_220127_F4_run2_fluorescence,0,2536,635,-3.536696509571925,0.21957174686932915,0.21052408430298683,2.207259289112775,2.129952231758244,,,
tail_vigor,regression,within,fastica/keep_top_06/cleaned_fastica_220127_F4_run2_fluorescence,fastica/keep_top_06/cleaned_fastica_220127_F4_run2_fluorescence,1,2533,635,-3.286066789551775,0.2138931272167033,0.20542245087209254,2.314907877201913,2.0702818140416963,,,
tail_vigor,regression,within,fastica/keep_top_06/cleaned_fastica_220127_F4_run2_fluorescence,fastica/keep_top_06/cleaned_fastica_220127_F4_run2_fluorescence,2,2534,634,-2.1065571215612926,0.25617319480152795,0.25280614814857116,1.746366510097322,1.7625427999232508,,,
tail_vigor,regression,within,fastica/keep_top_06/cleaned_fastica_220127_F4_run2_fluorescence,fastica/keep_top_06/cleaned_fastica_220127_F4_run2_fluorescence,3,2533,635,-1.9707865158969367,0.22320358240760205,0.20130298110525033,1.8729711263456938,1.7235969702621716,,,
tail_vigor,regression,within,fastica/keep_top_06/cleaned_fastica_220127_F4_run2_fluorescence,fastica/keep_top_06/cleaned_fastica_220127_F4_run2_fluorescence,4,2536,635,-1.8884737208899174,0.23234860078357447,0.21790288060976143,1.6237595351640224,1.6995510350942444,,,
tail_vigor,regression,within,infomax/keep_top_01/cleaned_infomax_220127_F4_run2_fluorescence,infomax/keep_top_01/cleaned_infomax_220127_F4_run2_fluorescence,0,2536,635,-0.39098042123918075,0.4749962457226555,0.3802182373816977,1.2222048368250367,1.1793983301833102,,,
tail_vigor,regression,within,infomax/keep_top_01/cleaned_infomax_220127_F4_run2_fluorescence,infomax/keep_top_01/cleaned_infomax_220127_F4_run2_fluorescence,1,2533,635,0.25822010682040386,0.6617631285230693,0.5204211944903289,0.9630343413221631,0.8612664472621676,,,
tail_vigor,regression,within,infomax/keep_top_01/cleaned_infomax_220127_F4_run2_fluorescence,infomax/keep_top_01/cleaned_infomax_220127_F4_run2_fluorescence,2,2534,634,0.22063435783165808,0.5495993189146355,0.5032471432067894,0.8747145501481788,0.8828168791818278,,,
tail_vigor,regression,within,infomax/keep_top_01/cleaned_infomax_220127_F4_run2_fluorescence,infomax/keep_top_01/cleaned_infomax_220127_F4_run2_fluorescence,3,2533,635,0.15327068215007678,0.49263340796951127,0.4952068520804866,0.9999255349710194,0.9201789596866055,,,
tail_vigor,regression,within,infomax/keep_top_01/cleaned_infomax_220127_F4_run2_fluorescence,infomax/keep_top_01/cleaned_infomax_220127_F4_run2_fluorescence,4,2536,635,-0.025035722095292368,0.4045073581027499,0.41866192950344827,0.9672906823480266,1.0124404782975107,,,
tail_vigor,regression,within,infomax/keep_top_02/cleaned_infomax_220127_F4_run2_fluorescence,infomax/keep_top_02/cleaned_infomax_220127_F4_run2_fluorescence,0,2536,635,-0.36584260575221283,0.4609274119805711,0.373272686676967,1.2111106341420328,1.1686926908953492,,,
tail_vigor,regression,within,infomax/keep_top_02/cleaned_infomax_220127_F4_run2_fluorescence,infomax/keep_top_02/cleaned_infomax_220127_F4_run2_fluorescence,1,2533,635,0.32606824056504624,0.6634774966463903,0.5251676684972267,0.9179355871366981,0.8209334683364747,,,
tail_vigor,regression,within,infomax/keep_top_02/cleaned_infomax_220127_F4_run2_fluorescence,infomax/keep_top_02/cleaned_infomax_220127_F4_run2_fluorescence,2,2534,634,0.30275276947571295,0.5790688751533559,0.5278141368742945,0.8273497147990663,0.8350133115850831,,,
tail_vigor,regression,within,infomax/keep_top_02/cleaned_infomax_220127_F4_run2_fluorescence,infomax/keep_top_02/cleaned_infomax_220127_F4_run2_fluorescence,3,2533,635,0.17206783578002605,0.49978409936510976,0.5061067301381902,0.9887642093731834,0.9099077778654132,,,
tail_vigor,regression,within,infomax/keep_top_02/cleaned_infomax_220127_F4_run2_fluorescence,infomax/keep_top_02/cleaned_infomax_220127_F4_run2_fluorescence,4,2536,635,0.0328513518001895,0.418238671853445,0.42641290056514347,0.939580767655147,0.9834371602699435,,,
tail_vigor,regression,within,infomax/keep_top_03/cleaned_infomax_220127_F4_run2_fluorescence,infomax/keep_top_03/cleaned_infomax_220127_F4_run2_fluorescence,0,2536,635,-0.16086498077964695,0.5307679187021029,0.4161054158621788,1.1165401501139534,1.0774344438431729,,,
tail_vigor,regression,within,infomax/keep_top_03/cleaned_infomax_220127_F4_run2_fluorescence,infomax/keep_top_03/cleaned_infomax_220127_F4_run2_fluorescence,1,2533,635,-0.27429260363598384,0.42380111747686994,0.43681469962809283,1.262230955373385,1.1288456952285302,,,
tail_vigor,regression,within,infomax/keep_top_03/cleaned_infomax_220127_F4_run2_fluorescence,infomax/keep_top_03/cleaned_infomax_220127_F4_run2_fluorescence,2,2534,634,0.3318768413521418,0.6024720861396368,0.5507514237802168,0.8098861748042103,0.8173880098508041,,,
tail_vigor,regression,within,infomax/keep_top_03/cleaned_infomax_220127_F4_run2_fluorescence,infomax/keep_top_03/cleaned_infomax_220127_F4_run2_fluorescence,3,2533,635,-0.024535055293183117,0.4467204317431255,0.4456749526101472,1.0999141058890698,1.0121931906969062,,,
tail_vigor,regression,within,infomax/keep_top_03/cleaned_infomax_220127_F4_run2_fluorescence,infomax/keep_top_03/cleaned_infomax_220127_F4_run2_fluorescence,4,2536,635,0.04479504066109741,0.4320813020194744,0.4332588973811428,0.9337611233090954,0.9773458749792228,,,
tail_vigor,regression,within,infomax/keep_top_04/cleaned_infomax_220127_F4_run2_fluorescence,infomax/keep_top_04/cleaned_infomax_220127_F4_run2_fluorescence,0,2536,635,-0.6039292770910714,0.4501310119026542,0.3961852365415905,1.312429842369525,1.2664632948060797,,,
tail_vigor,regression,within,infomax/keep_top_04/cleaned_infomax_220127_F4_run2_fluorescence,infomax/keep_top_04/cleaned_infomax_220127_F4_run2_fluorescence,1,2533,635,-1.3153700120841427,0.301826174571529,0.3242984441417912,1.701431416405619,1.5216339941274126,,,
tail_vigor,regression,within,infomax/keep_top_04/cleaned_infomax_220127_F4_run2_fluorescence,infomax/keep_top_04/cleaned_infomax_220127_F4_run2_fluorescence,2,2534,634,0.10514921528866683,0.5151433330950647,0.4730462783056156,0.9372836348001506,0.9459655304033722,,,
tail_vigor,regression,within,infomax/keep_top_04/cleaned_infomax_220127_F4_run2_fluorescence,infomax/keep_top_04/cleaned_infomax_220127_F4_run2_fluorescence,3,2533,635,-0.29749983049773143,0.4252175247267392,0.398417221556611,1.2377958299117953,1.1390785005862114,,,
tail_vigor,regression,within,infomax/keep_top_04/cleaned_infomax_220127_F4_run2_fluorescence,infomax/keep_top_04/cleaned_infomax_220127_F4_run2_fluorescence,4,2536,635,-0.10695712026562387,0.38624268554583446,0.3900029820639219,1.0052009794445158,1.0521202974306807,,,
tail_vigor,regression,within,infomax/keep_top_05/cleaned_infomax_220127_F4_run2_fluorescence,infomax/keep_top_05/cleaned_infomax_220127_F4_run2_fluorescence,0,2536,635,-1.5072758693967931,0.39844560077629193,0.35916462197751114,1.640909200169172,1.583437990385728,,,
tail_vigor,regression,within,infomax/keep_top_05/cleaned_infomax_220127_F4_run2_fluorescence,infomax/keep_top_05/cleaned_infomax_220127_F4_run2_fluorescence,1,2533,635,-1.7086268106002782,0.3084795070055894,0.2920234091341816,1.840258498517884,1.6457906338900699,,,
tail_vigor,regression,within,infomax/keep_top_05/cleaned_infomax_220127_F4_run2_fluorescence,infomax/keep_top_05/cleaned_infomax_220127_F4_run2_fluorescence,2,2534,634,-0.8930135898646065,0.382274503758424,0.3433344838481055,1.3632408407099499,1.3758683039683,,,
tail_vigor,regression,within,infomax/keep_top_05/cleaned_infomax_220127_F4_run2_fluorescence,infomax/keep_top_05/cleaned_infomax_220127_F4_run2_fluorescence,3,2533,635,-0.5342080615006686,0.38878751380926274,0.3605760968014077,1.3459765407207636,1.2386315277356172,,,
tail_vigor,regression,within,infomax/keep_top_05/cleaned_infomax_220127_F4_run2_fluorescence,infomax/keep_top_05/cleaned_infomax_220127_F4_run2_fluorescence,4,2536,635,-0.8470473811213788,0.3145227267852937,0.3079967962072423,1.2984538611522287,1.3590612131620043,,,
tail_vigor,regression,within,infomax/keep_top_06/cleaned_infomax_220127_F4_run2_fluorescence,infomax/keep_top_06/cleaned_infomax_220127_F4_run2_fluorescence,0,2536,635,-1.4424022790173594,0.32065606098487115,0.28794104418946664,1.6195415250359197,1.5628186967839102,,,
tail_vigor,regression,within,infomax/keep_top_06/cleaned_infomax_220127_F4_run2_fluorescence,infomax/keep_top_06/cleaned_infomax_220127_F4_run2_fluorescence,1,2533,635,-2.0183910089161974,0.24921172925129595,0.21298410397069867,1.9426385149284435,1.737351722857579,,,
tail_vigor,regression,within,infomax/keep_top_06/cleaned_infomax_220127_F4_run2_fluorescence,infomax/keep_top_06/cleaned_infomax_220127_F4_run2_fluorescence,2,2534,634,-2.496766458984745,0.3157558759425582,0.3010714246224933,1.8528021092013434,1.8699642935052916,,,
tail_vigor,regression,within,infomax/keep_top_06/cleaned_infomax_220127_F4_run2_fluorescence,infomax/keep_top_06/cleaned_infomax_220127_F4_run2_fluorescence,3,2533,635,-1.3284846361427722,0.3072841364297049,0.26477390619026686,1.6581814358520017,1.5259372975790233,,,
tail_vigor,regression,within,infomax/keep_top_06/cleaned_infomax_220127_F4_run2_fluorescence,infomax/keep_top_06/cleaned_infomax_220127_F4_run2_fluorescence,4,2536,635,-1.9065343529452514,0.2593474132384151,0.2829083978603247,1.6288280293860642,1.7048561091614893,,,
tail_vigor,regression,within,jade/keep_top_01/cleaned_jade_220127_F4_run2_fluorescence,jade/keep_top_01/cleaned_jade_220127_F4_run2_fluorescence,0,2536,635,-1.1665762518195173,0.0778883987564987,0.109305502012265,1.5253534152230783,1.4719294316710692,,,
tail_vigor,regression,within,jade/keep_top_01/cleaned_jade_220127_F4_run2_fluorescence,jade/keep_top_01/cleaned_jade_220127_F4_run2_fluorescence,1,2533,635,-0.5812988206671252,0.018318530339030113,0.048708004103000746,1.4060838469287842,1.257497045987435,,,
tail_vigor,regression,within,jade/keep_top_01/cleaned_jade_220127_F4_run2_fluorescence,jade/keep_top_01/cleaned_jade_220127_F4_run2_fluorescence,2,2534,634,-0.5350843769180953,0.02194898515843271,0.047112037446924625,1.2276140448293555,1.2389852206213339,,,
tail_vigor,regression,within,jade/keep_top_01/cleaned_jade_220127_F4_run2_fluorescence,jade/keep_top_01/cleaned_jade_220127_F4_run2_fluorescence,3,2533,635,-0.5532090333801973,0.07034506784865789,0.09493684044944269,1.3542857669178578,1.2462780722536193,,,
tail_vigor,regression,within,jade/keep_top_01/cleaned_jade_220127_F4_run2_fluorescence,jade/keep_top_01/cleaned_jade_220127_F4_run2_fluorescence,4,2536,635,-0.23645287421482575,0.05778103195487598,0.07528614694217588,1.0623711986022426,1.1119590254208227,,,
tail_vigor,regression,within,jade/keep_top_02/cleaned_jade_220127_F4_run2_fluorescence,jade/keep_top_02/cleaned_jade_220127_F4_run2_fluorescence,0,2536,635,-1.2180498419413066,0.10329125946336362,0.1258278064971549,1.5433667512961569,1.4893118685961333,,,
tail_vigor,regression,within,jade/keep_top_02/cleaned_jade_220127_F4_run2_fluorescence,jade/keep_top_02/cleaned_jade_220127_F4_run2_fluorescence,1,2533,635,-1.2220003523687484,0.02846995751894065,0.022487606433376682,1.6667724266134702,1.490637565731103,,,
tail_vigor,regression,within,jade/keep_top_02/cleaned_jade_220127_F4_run2_fluorescence,jade/keep_top_02/cleaned_jade_220127_F4_run2_fluorescence,2,2534,634,-0.5813893475274681,0.10506489845429687,0.11423005053797412,1.2459916361026078,1.257533040332328,,,
tail_vigor,regression,within,jade/keep_top_02/cleaned_jade_220127_F4_run2_fluorescence,jade/keep_top_02/cleaned_jade_220127_F4_run2_fluorescence,3,2533,635,-0.7110540492436177,0.07087767166550839,0.07421987171866475,1.4214357189322582,1.3080726467760182,,,
tail_vigor,regression,within,jade/keep_top_02/cleaned_jade_220127_F4_run2_fluorescence,jade/keep_top_02/cleaned_jade_220127_F4_run2_fluorescence,4,2536,635,-0.4899170156990975,0.12337779911400015,0.09247454458504177,1.1661879350624582,1.2206215694059719,,,
tail_vigor,regression,within,jade/keep_top_03/cleaned_jade_220127_F4_run2_fluorescence,jade/keep_top_03/cleaned_jade_220127_F4_run2_fluorescence,0,2536,635,-1.1500231161062153,0.1688357762567977,0.17743197507052538,1.5195152189102814,1.466295712367125,,,
tail_vigor,regression,within,jade/keep_top_03/cleaned_jade_220127_F4_run2_fluorescence,jade/keep_top_03/cleaned_jade_220127_F4_run2_fluorescence,1,2533,635,-1.2449147958383224,0.08698638567012532,0.0885840988657304,1.6753447024803287,1.4983039731103707,,,
tail_vigor,regression,within,jade/keep_top_03/cleaned_jade_220127_F4_run2_fluorescence,jade/keep_top_03/cleaned_jade_220127_F4_run2_fluorescence,2,2534,634,-0.7817916226608548,0.15014619098536372,0.18311395850575796,1.3225867847262915,1.3348376765213268,,,
tail_vigor,regression,within,jade/keep_top_03/cleaned_jade_220127_F4_run2_fluorescence,jade/keep_top_03/cleaned_jade_220127_F4_run2_fluorescence,3,2533,635,-0.6806454716561006,0.14010445073222105,0.13467614217526785,1.408748333106425,1.296397111866615,,,
tail_vigor,regression,within,jade/keep_top_03/cleaned_jade_220127_F4_run2_fluorescence,jade/keep_top_03/cleaned_jade_220127_F4_run2_fluorescence,4,2536,635,-0.5339001704683743,0.18711231299411615,0.1940813574693532,1.1832759889109628,1.2385072347258916,,,
tail_vigor,regression,within,jade/keep_top_04/cleaned_jade_220127_F4_run2_fluorescence,jade/keep_top_04/cleaned_jade_220127_F4_run2_fluorescence,0,2536,635,-1.01485160390961,0.1810163923548096,0.18143980973428575,1.470974087170876,1.4194546854019714,,,
tail_vigor,regression,within,jade/keep_top_04/cleaned_jade_220127_F4_run2_fluorescence,jade/keep_top_04/cleaned_jade_220127_F4_run2_fluorescence,1,2533,635,-1.1212050062457783,0.14250380561222464,0.14602022259983072,1.6285292648582022,1.4564357199154994,,,
tail_vigor,regression,within,jade/keep_top_04/cleaned_jade_220127_F4_run2_fluorescence,jade/keep_top_04/cleaned_jade_220127_F4_run2_fluorescence,2,2534,634,-0.8269935309671526,0.1753158194763104,0.20498698499267812,1.3392579323986007,1.3516632461405291,,,
tail_vigor,regression,within,jade/keep_top_04/cleaned_jade_220127_F4_run2_fluorescence,jade/keep_top_04/cleaned_jade_220127_F4_run2_fluorescence,3,2533,635,-0.5546556531916447,0.1999041889298857,0.1922744127751051,1.3549162939809778,1.246858313198274,,,
tail_vigor,regression,within,jade/keep_top_04/cleaned_jade_220127_F4_run2_fluorescence,jade/keep_top_04/cleaned_jade_220127_F4_run2_fluorescence,4,2536,635,-0.5448014294282504,0.21981947225995063,0.2160984042620354,1.1874732505742127,1.2429004101006045,,,
tail_vigor,regression,within,jade/keep_top_05/cleaned_jade_220127_F4_run2_fluorescence,jade/keep_top_05/cleaned_jade_220127_F4_run2_fluorescence,0,2536,635,-0.9235436659453029,0.27322467280845264,0.25451857452351884,1.4372572707560984,1.3869187668877014,,,
tail_vigor,regression,within,jade/keep_top_05/cleaned_jade_220127_F4_run2_fluorescence,jade/keep_top_05/cleaned_jade_220127_F4_run2_fluorescence,1,2533,635,-0.8132152777154595,0.22099083145987403,0.20441272597524038,1.50566699453545,1.3465568230548088,,,
tail_vigor,regression,within,jade/keep_top_05/cleaned_jade_220127_F4_run2_fluorescence,jade/keep_top_05/cleaned_jade_220127_F4_run2_fluorescence,2,2534,634,-0.8184255317774893,0.2727003810649996,0.2610933614726601,1.336113902182442,1.34849009331826,,,
tail_vigor,regression,within,jade/keep_top_05/cleaned_jade_220127_F4_run2_fluorescence,jade/keep_top_05/cleaned_jade_220127_F4_run2_fluorescence,3,2533,635,-0.49696230433851407,0.2867406532249064,0.26640853425102534,1.3295381161331086,1.2235041088359755,,,
tail_vigor,regression,within,jade/keep_top_05/cleaned_jade_220127_F4_run2_fluorescence,jade/keep_top_05/cleaned_jade_220127_F4_run2_fluorescence,4,2536,635,-0.5115638609335758,0.27683370178561345,0.2743949254826095,1.1746290954400116,1.2294567340632918,,,
tail_vigor,regression,within,jade/keep_top_06/cleaned_jade_220127_F4_run2_fluorescence,jade/keep_top_06/cleaned_jade_220127_F4_run2_fluorescence,0,2536,635,-1.1074200850450793,0.3095928065167331,0.2906025189486943,1.5043851817283074,1.4516955896623365,,,
tail_vigor,regression,within,jade/keep_top_06/cleaned_jade_220127_F4_run2_fluorescence,jade/keep_top_06/cleaned_jade_220127_F4_run2_fluorescence,1,2533,635,-1.1420720202429981,0.2888900602694703,0.29467653664776133,1.6365198591138237,1.4635819144287752,,,
tail_vigor,regression,within,jade/keep_top_06/cleaned_jade_220127_F4_run2_fluorescence,jade/keep_top_06/cleaned_jade_220127_F4_run2_fluorescence,2,2534,634,-0.48700698252072216,0.3397901206116592,0.31921634912424773,1.2082372655050182,1.2194289575537895,,,
tail_vigor,regression,within,jade/keep_top_06/cleaned_jade_220127_F4_run2_fluorescence,jade/keep_top_06/cleaned_jade_220127_F4_run2_fluorescence,3,2533,635,-0.5809427445684636,0.3545439126700543,0.31157341953745565,1.36632316408058,1.2573554567299035,,,
tail_vigor,regression,within,jade/keep_top_06/cleaned_jade_220127_F4_run2_fluorescence,jade/keep_top_06/cleaned_jade_220127_F4_run2_fluorescence,4,2536,635,-0.6512521173196637,0.27768745222174,0.2640734765571658,1.2277054896301671,1.2850105514429304,,,
tail_vigor,regression,within,sobi/keep_top_01/cleaned_sobi_220127_F4_run2_fluorescence,sobi/keep_top_01/cleaned_sobi_220127_F4_run2_fluorescence,0,2536,635,-2.1537347831826636,0.11801379261584628,0.09928941947060284,1.8403315583911604,1.7758757792094197,,,
tail_vigor,regression,within,sobi/keep_top_01/cleaned_sobi_220127_F4_run2_fluorescence,sobi/keep_top_01/cleaned_sobi_220127_F4_run2_fluorescence,1,2533,635,-0.5626590894418859,-0.10369967652608947,-0.07366856875139773,1.3977720975408627,1.250063634157032,,,
tail_vigor,regression,within,sobi/keep_top_01/cleaned_sobi_220127_F4_run2_fluorescence,sobi/keep_top_01/cleaned_sobi_220127_F4_run2_fluorescence,2,2534,634,-1.2183701246894532,0.00472039897530072,0.012856595336620587,1.4757497777947737,1.4894193918065701,,,
tail_vigor,regression,within,sobi/keep_top_01/cleaned_sobi_220127_F4_run2_fluorescence,sobi/keep_top_01/cleaned_sobi_220127_F4_run2_fluorescence,3,2533,635,-0.4988521331512723,-0.05302408035450116,-0.05712075846405272,1.330377084131616,1.2242761670273878,,,
tail_vigor,regression,within,sobi/keep_top_01/cleaned_sobi_220127_F4_run2_fluorescence,sobi/keep_top_01/cleaned_sobi_220127_F4_run2_fluorescence,4,2536,635,-0.08493199306524768,0.07566246152866554,-0.013578261781215782,0.9951504920485021,1.0416006879151183,,,
tail_vigor,regression,within,sobi/keep_top_02/cleaned_sobi_220127_F4_run2_fluorescence,sobi/keep_top_02/cleaned_sobi_220127_F4_run2_fluorescence,0,2536,635,-0.9501974359212408,0.4027425568124149,0.4085307300184265,1.4471807601857107,1.3964946959875075,,,
tail_vigor,regression,within,sobi/keep_top_02/cleaned_sobi_220127_F4_run2_fluorescence,sobi/keep_top_02/cleaned_sobi_220127_F4_run2_fluorescence,1,2533,635,-1.2575594227295555,0.28760690401495165,0.31322487866456583,1.680056320537846,1.5025176946477388,,,
tail_vigor,regression,within,sobi/keep_top_02/cleaned_sobi_220127_F4_run2_fluorescence,sobi/keep_top_02/cleaned_sobi_220127_F4_run2_fluorescence,2,2534,634,-0.36487325854347397,0.41595496556437006,0.4052988813865261,1.1575556657711017,1.1682779029595116,,,
tail_vigor,regression,within,sobi/keep_top_02/cleaned_sobi_220127_F4_run2_fluorescence,sobi/keep_top_02/cleaned_sobi_220127_F4_run2_fluorescence,3,2533,635,-0.40642429912309996,0.31587583789320034,0.3218448540353193,1.2887050813670815,1.185927611249144,,,
tail_vigor,regression,within,sobi/keep_top_02/cleaned_sobi_220127_F4_run2_fluorescence,sobi/keep_top_02/cleaned_sobi_220127_F4_run2_fluorescence,4,2536,635,-0.26151040188195274,0.3306084101618882,0.34635065677177923,1.0730820295040322,1.1231698010015907,,,
tail_vigor,regression,within,sobi/keep_top_03/cleaned_sobi_220127_F4_run2_fluorescence,sobi/keep_top_03/cleaned_sobi_220127_F4_run2_fluorescence,0,2536,635,-1.1179659513409743,0.3762838115684392,0.3641070827114944,1.5081445761647765,1.4553233150544156,,,
tail_vigor,regression,within,sobi/keep_top_03/cleaned_sobi_220127_F4_run2_fluorescence,sobi/keep_top_03/cleaned_sobi_220127_F4_run2_fluorescence,1,2533,635,-1.4818324648272805,0.2725287120600791,0.2966307183983936,1.7615317535068293,1.5753832755324275,,,
tail_vigor,regression,within,sobi/keep_top_03/cleaned_sobi_220127_F4_run2_fluorescence,sobi/keep_top_03/cleaned_sobi_220127_F4_run2_fluorescence,2,2534,634,-0.46538573278189466,0.4013674478032591,0.38444966818565945,1.1994211480637296,1.2105311779470591,,,
tail_vigor,regression,within,sobi/keep_top_03/cleaned_sobi_220127_F4_run2_fluorescence,sobi/keep_top_03/cleaned_sobi_220127_F4_run2_fluorescence,3,2533,635,-0.514662487013932,0.30831189831312417,0.30121848414742947,1.3373752913146513,1.2307162495936796,,,
tail_vigor,regression,within,sobi/keep_top_03/cleaned_sobi_220127_F4_run2_fluorescence,sobi/keep_top_03/cleaned_sobi_220127_F4_run2_fluorescence,4,2536,635,-0.31717525559913584,0.32427081331718394,0.3309464737554987,1.0965016404853685,1.1476825587239428,,,
tail_vigor,regression,within,sobi/keep_top_04/cleaned_sobi_220127_F4_run2_fluorescence,sobi/keep_top_04/cleaned_sobi_220127_F4_run2_fluorescence,0,2536,635,-2.0074851980025463,0.41330502190391577,0.3686385883039987,1.7971537722013071,1.734210251959821,,,
tail_vigor,regression,within,sobi/keep_top_04/cleaned_sobi_220127_F4_run2_fluorescence,sobi/keep_top_04/cleaned_sobi_220127_F4_run2_fluorescence,1,2533,635,-1.4273460654166872,0.3163419290809966,0.3401482537201368,1.742088021259224,1.5579942443464567,,,
tail_vigor,regression,within,sobi/keep_top_04/cleaned_sobi_220127_F4_run2_fluorescence,sobi/keep_top_04/cleaned_sobi_220127_F4_run2_fluorescence,2,2534,634,-0.05832731451847639,0.49378404141307486,0.4487975738301395,1.0193086860867078,1.028750365501017,,,
tail_vigor,regression,within,sobi/keep_top_04/cleaned_sobi_220127_F4_run2_fluorescence,sobi/keep_top_04/cleaned_sobi_220127_F4_run2_fluorescence,3,2533,635,-0.37330850872311827,0.3810835580860659,0.34237972534008837,1.2734427223108475,1.1718824636980956,,,
tail_vigor,regression,within,sobi/keep_top_04/cleaned_sobi_220127_F4_run2_fluorescence,sobi/keep_top_04/cleaned_sobi_220127_F4_run2_fluorescence,4,2536,635,-0.315593231355245,0.37610286809914223,0.33913511771327104,1.0958429531324283,1.1469931261150805,,,
tail_vigor,regression,within,sobi/keep_top_05/cleaned_sobi_220127_F4_run2_fluorescence,sobi/keep_top_05/cleaned_sobi_220127_F4_run2_fluorescence,0,2536,635,-2.4204434812019167,0.38616115171201826,0.3371704916385685,1.916570057230427,1.8494441005885838,,,
tail_vigor,regression,within,sobi/keep_top_05/cleaned_sobi_220127_F4_run2_fluorescence,sobi/keep_top_05/cleaned_sobi_220127_F4_run2_fluorescence,1,2533,635,-1.735728076030231,0.3016920834640154,0.32139316810926977,1.8494419714301054,1.6540036505492457,,,
tail_vigor,regression,within,sobi/keep_top_05/cleaned_sobi_220127_F4_run2_fluorescence,sobi/keep_top_05/cleaned_sobi_220127_F4_run2_fluorescence,2,2534,634,-0.3169385083841778,0.4278824748074256,0.3871930566273708,1.1370471423737503,1.1475794126700678,,,
tail_vigor,regression,within,sobi/keep_top_05/cleaned_sobi_220127_F4_run2_fluorescence,sobi/keep_top_05/cleaned_sobi_220127_F4_run2_fluorescence,3,2533,635,-0.30631529399636914,0.41019913064970986,0.3722530754996404,1.241993623343215,1.1429415094379807,,,
tail_vigor,regression,within,sobi/keep_top_05/cleaned_sobi_220127_F4_run2_fluorescence,sobi/keep_top_05/cleaned_sobi_220127_F4_run2_fluorescence,4,2536,635,-0.4787306224316492,0.3447435108012373,0.29568876193676363,1.161801779464463,1.216030683178533,,,
tail_vigor,regression,within,sobi/keep_top_06/cleaned_sobi_220127_F4_run2_fluorescence,sobi/keep_top_06/cleaned_sobi_220127_F4_run2_fluorescence,0,2536,635,-2.733552643830644,0.4119087323532346,0.3498404566843576,2.0023713797824056,1.9322403173080318,,,
tail_vigor,regression,within,sobi/keep_top_06/cleaned_sobi_220127_F4_run2_fluorescence,sobi/keep_top_06/cleaned_sobi_220127_F4_run2_fluorescence,1,2533,635,-1.605337702695592,0.28721991841792394,0.29890583208963084,1.8048298192908798,1.6141058523825482,,,
tail_vigor,regression,within,sobi/keep_top_06/cleaned_sobi_220127_F4_run2_fluorescence,sobi/keep_top_06/cleaned_sobi_220127_F4_run2_fluorescence,2,2534,634,-0.2878346155359188,0.4365036326700049,0.3803089596839897,1.1244127711256109,1.1348280114342961,,,
tail_vigor,regression,within,sobi/keep_top_06/cleaned_sobi_220127_F4_run2_fluorescence,sobi/keep_top_06/cleaned_sobi_220127_F4_run2_fluorescence,3,2533,635,-0.3655902135200131,0.4254650527842264,0.3738058771847808,1.2698591663400247,1.1685847053252123,,,
tail_vigor,regression,within,sobi/keep_top_06/cleaned_sobi_220127_F4_run2_fluorescence,sobi/keep_top_06/cleaned_sobi_220127_F4_run2_fluorescence,4,2536,635,-0.5371397101282249,0.3366486811981154,0.2934284708112577,1.1845248471392993,1.2398143853529953,,,
tail_vigor,regression,transfer_raw_to_clean,raw,fastica/keep_top_01/cleaned_fastica_220127_F4_run2_fluorescence,0,2536,635,-2.000169356198757,0.009361066123569189,0.029085393939645373,1.7949666129710635,1.732099695802397,,,
tail_vigor,regression,transfer_raw_to_clean,raw,fastica/keep_top_01/cleaned_fastica_220127_F4_run2_fluorescence,1,2533,635,-1.4451903529014283,0.07804937550310517,0.10220985378314418,1.7484796514632557,1.563710444072504,,,
tail_vigor,regression,transfer_raw_to_clean,raw,fastica/keep_top_01/cleaned_fastica_220127_F4_run2_fluorescence,2,2534,634,-1.2601347799646971,-0.03411718052649613,-0.010866703169872908,1.489576773248011,1.5033744643184201,,,
tail_vigor,regression,transfer_raw_to_clean,raw,fastica/keep_top_01/cleaned_fastica_220127_F4_run2_fluorescence,3,2533,635,-0.7327091071829366,0.0207203932887934,-0.021995524594398224,1.4304022657715851,1.316324088962493,,,
tail_vigor,regression,transfer_raw_to_clean,raw,fastica/keep_top_01/cleaned_fastica_220127_F4_run2_fluorescence,4,2536,635,-0.5782923132871765,-0.0022432084822563906,-0.02546405361478292,1.2002762830852554,1.2563010440524105,,,
tail_vigor,regression,transfer_clean_to_raw,fastica/keep_top_01/cleaned_fastica_220127_F4_run2_fluorescence,raw,0,2536,635,-1.9608686280157146,0.04683729122274303,0.04573078056011087,1.7831712718801942,1.720717474780713,,,
tail_vigor,regression,transfer_clean_to_raw,fastica/keep_top_01/cleaned_fastica_220127_F4_run2_fluorescence,raw,1,2533,635,-1.5846972339748722,0.16144499848049304,0.17199960787989596,1.797666331565114,1.6076993605692802,,,
tail_vigor,regression,transfer_clean_to_raw,fastica/keep_top_01/cleaned_fastica_220127_F4_run2_fluorescence,raw,2,2534,634,-1.2295383929320862,0.10622465218430374,0.09331595922064911,1.4794599065392984,1.4931638868296027,,,
tail_vigor,regression,transfer_clean_to_raw,fastica/keep_top_01/cleaned_fastica_220127_F4_run2_fluorescence,raw,3,2533,635,-1.5135330976347277,0.09404096698567681,0.08279374632504112,1.7228111128940682,1.5854125953942488,,,
tail_vigor,regression,transfer_clean_to_raw,fastica/keep_top_01/cleaned_fastica_220127_F4_run2_fluorescence,raw,4,2536,635,-1.0144012716133433,0.13945706600440916,0.17941512507048404,1.3560025226820611,1.4192960479101404,,,
tail_vigor,regression,transfer_raw_to_clean,raw,fastica/keep_top_02/cleaned_fastica_220127_F4_run2_fluorescence,0,2536,635,-2.173942561728179,0.03278717418453642,0.03578181160680727,1.8462181709990335,1.7815562190759455,,,
tail_vigor,regression,transfer_raw_to_clean,raw,fastica/keep_top_02/cleaned_fastica_220127_F4_run2_fluorescence,1,2533,635,-1.7074952768661835,0.07289290343947946,0.12190784751456595,1.8398740727120697,1.6454468319779232,,,
tail_vigor,regression,transfer_raw_to_clean,raw,fastica/keep_top_02/cleaned_fastica_220127_F4_run2_fluorescence,2,2534,634,-1.2573565841391066,-0.035439684974633054,-0.011772937581075425,1.4886609852781174,1.502450193563536,,,
tail_vigor,regression,transfer_raw_to_clean,raw,fastica/keep_top_02/cleaned_fastica_220127_F4_run2_fluorescence,3,2533,635,-0.8756637551037318,0.04179906359139812,0.011099120533704617,1.4882395902552297,1.3695487414121967,,,
tail_vigor,regression,transfer_raw_to_clean,raw,fastica/keep_top_02/cleaned_fastica_220127_F4_run2_fluorescence,4,2536,635,-0.6243030087729213,0.01207173316723495,-0.0009778375640561272,1.2176459494838807,1.2744814666259066,,,
tail_vigor,regression,transfer_clean_to_raw,fastica/keep_top_02/cleaned_fastica_220127_F4_run2_fluorescence,raw,0,2536,635,-1.434836686263281,0.1256285118594118,0.10927737173375067,1.6170312311691604,1.5603963234586529,,,
tail_vigor,regression,transfer_clean_to_raw,fastica/keep_top_02/cleaned_fastica_220127_F4_run2_fluorescence,raw,1,2533,635,-1.3844404944998328,0.18073117991768517,0.20281347454697138,1.7266228735627267,1.544163363928776,,,
tail_vigor,regression,transfer_clean_to_raw,fastica/keep_top_02/cleaned_fastica_220127_F4_run2_fluorescence,raw,2,2534,634,-1.599620746858093,0.12026977651032804,0.10670970570250767,1.5975362430655569,1.6123339439638715,,,
tail_vigor,regression,transfer_clean_to_raw,fastica/keep_top_02/cleaned_fastica_220127_F4_run2_fluorescence,raw,3,2533,635,-1.2660371362713052,0.14389692799397913,0.13496193466310916,1.6357949826940559,1.5053362203412584,,,
tail_vigor,regression,transfer_clean_to_raw,fastica/keep_top_02/cleaned_fastica_220127_F4_run2_fluorescence,raw,4,2536,635,-2.7955723881711925,0.18285310121130444,0.22431219050151524,1.8613418555109038,1.9482228794907406,,,
tail_vigor,regression,transfer_raw_to_clean,raw,fastica/keep_top_03/cleaned_fastica_220127_F4_run2_fluorescence,0,2536,635,-2.438502291678823,0.08165605880100414,0.0808855010965775,1.9216228248311409,1.8543199000385082,,,
tail_vigor,regression,transfer_raw_to_clean,raw,fastica/keep_top_03/cleaned_fastica_220127_F4_run2_fluorescence,1,2533,635,-1.7862958733308307,0.1438417584944249,0.16639053863256256,1.8664564519489397,1.669220139265888,,,
tail_vigor,regression,transfer_raw_to_clean,raw,fastica/keep_top_03/cleaned_fastica_220127_F4_run2_fluorescence,2,2534,634,-1.2804133900357035,0.06388585137132523,0.07470951539045276,1.4962443166024453,1.5101037679695075,,,
tail_vigor,regression,transfer_raw_to_clean,raw,fastica/keep_top_03/cleaned_fastica_220127_F4_run2_fluorescence,3,2533,635,-0.9257321777656582,0.15623754403347023,0.12718043128843554,1.5079720914385677,1.3877075260175173,,,
tail_vigor,regression,transfer_raw_to_clean,raw,fastica/keep_top_03/cleaned_fastica_220127_F4_run2_fluorescence,4,2536,635,-0.8509793347658166,0.05748835899141068,0.03351254167668377,1.299835186351041,1.3605070138613091,,,
tail_vigor,regression,transfer_clean_to_raw,fastica/keep_top_03/cleaned_fastica_220127_F4_run2_fluorescence,raw,0,2536,635,-1.214738532305454,0.3085805287972541,0.25881632626186357,1.5422142808005541,1.4881997622313523,,,
tail_vigor,regression,transfer_clean_to_raw,fastica/keep_top_03/cleaned_fastica_220127_F4_run2_fluorescence,raw,1,2533,635,-0.8579242915764766,0.40354278418938233,0.3889665128789486,1.5241168064323567,1.3630569656388087,,,
tail_vigor,regression,transfer_clean_to_raw,fastica/keep_top_03/cleaned_fastica_220127_F4_run2_fluorescence,raw,2,2534,634,-1.1375013353932477,0.2777226648963317,0.2728616213212009,1.4486014645174605,1.4620196084161279,,,
tail_vigor,regression,transfer_clean_to_raw,fastica/keep_top_03/cleaned_fastica_220127_F4_run2_fluorescence,raw,3,2533,635,-1.0472187403504716,0.2920094535675253,0.28635967408696866,1.5548105705604678,1.4308105186748075,,,
tail_vigor,regression,transfer_clean_to_raw,fastica/keep_top_03/cleaned_fastica_220127_F4_run2_fluorescence,raw,4,2536,635,-2.511121660295201,0.24924997080460687,0.2571732512904248,1.7902366467454633,1.8737987245953611,,,
tail_vigor,regression,transfer_raw_to_clean,raw,fastica/keep_top_04/cleaned_fastica_220127_F4_run2_fluorescence,0,2536,635,-2.6264161721650097,0.1130978021266957,0.090891217289929,1.9734326577496573,1.9043151451808098,,,
tail_vigor,regression,transfer_raw_to_clean,raw,fastica/keep_top_04/cleaned_fastica_220127_F4_run2_fluorescence,1,2533,635,-1.878850664024537,0.20608783532862912,0.19649941210219124,1.8972030498506884,1.69671761469743,,,
tail_vigor,regression,transfer_raw_to_clean,raw,fastica/keep_top_04/cleaned_fastica_220127_F4_run2_fluorescence,2,2534,634,-1.5432473956444253,0.09999733267859923,0.09977674679210742,1.5801198424464336,1.5947562182491795,,,
tail_vigor,regression,transfer_raw_to_clean,raw,fastica/keep_top_04/cleaned_fastica_220127_F4_run2_fluorescence,3,2533,635,-1.0944535925429961,0.1788319509522533,0.13380634329797417,1.5726451189356745,1.447222716980008,,,
tail_vigor,regression,transfer_raw_to_clean,raw,fastica/keep_top_04/cleaned_fastica_220127_F4_run2_fluorescence,4,2536,635,-1.038771595122677,0.1359637876560372,0.13338572028937443,1.364180354971498,1.4278555932315697,,,
tail_vigor,regression,transfer_clean_to_raw,fastica/keep_top_04/cleaned_fastica_220127_F4_run2_fluorescence,raw,0,2536,635,-2.5247524047214895,0.2957722343280531,0.2489437178742848,1.9455741944952496,1.8774323968445545,,,
tail_vigor,regression,transfer_clean_to_raw,fastica/keep_top_04/cleaned_fastica_220127_F4_run2_fluorescence,raw,1,2533,635,-1.2937773266488173,0.3161701993113067,0.30519437731079185,1.6934792254262583,1.514522144654484,,,
tail_vigor,regression,transfer_clean_to_raw,fastica/keep_top_04/cleaned_fastica_220127_F4_run2_fluorescence,raw,2,2534,634,-1.4227027628962468,0.26634166914974705,0.27247550500742007,1.5422180787461066,1.5565033770911796,,,
tail_vigor,regression,transfer_clean_to_raw,fastica/keep_top_04/cleaned_fastica_220127_F4_run2_fluorescence,raw,3,2533,635,-1.337751212476928,0.2522305173503174,0.24048761797032675,1.6614776585171616,1.5289706381997428,,,
tail_vigor,regression,transfer_clean_to_raw,fastica/keep_top_04/cleaned_fastica_220127_F4_run2_fluorescence,raw,4,2536,635,-2.850722373398104,0.2797232142905151,0.2848093022531878,1.8748158142431037,1.9623257561878213,,,
tail_vigor,regression,transfer_raw_to_clean,raw,fastica/keep_top_05/cleaned_fastica_220127_F4_run2_fluorescence,0,2536,635,-2.7992275063484766,0.19096738902718186,0.15020186546867245,2.0199059103879438,1.9491607184499888,,,
tail_vigor,regression,transfer_raw_to_clean,raw,fastica/keep_top_05/cleaned_fastica_220127_F4_run2_fluorescence,1,2533,635,-2.065748917856444,0.260698947719134,0.24453312725851625,1.9578189933301389,1.750928016183545,,,
tail_vigor,regression,transfer_raw_to_clean,raw,fastica/keep_top_05/cleaned_fastica_220127_F4_run2_fluorescence,2,2534,634,-1.7002110724915585,0.17655308778593423,0.16821245680018915,1.6281506219982114,1.6432318985741357,,,
tail_vigor,regression,transfer_raw_to_clean,raw,fastica/keep_top_05/cleaned_fastica_220127_F4_run2_fluorescence,3,2533,635,-1.3243553539200503,0.23935844287067262,0.19446762956373884,1.656710492617875,1.5245836657658545,,,
tail_vigor,regression,transfer_raw_to_clean,raw,fastica/keep_top_05/cleaned_fastica_220127_F4_run2_fluorescence,4,2536,635,-1.3034392441461238,0.1572254963146136,0.15492205651552715,1.450026318436701,1.517708550462217,,,
tail_vigor,regression,transfer_clean_to_raw,fastica/keep_top_05/cleaned_fastica_220127_F4_run2_fluorescence,raw,0,2536,635,-1.9590528508270535,0.2969501639238074,0.25129488354042034,1.7826244157568099,1.7201897717481793,,,
tail_vigor,regression,transfer_clean_to_raw,fastica/keep_top_05/cleaned_fastica_220127_F4_run2_fluorescence,raw,1,2533,635,-2.0298252953161766,0.31344341669765874,0.29917216503827226,1.946314594051603,1.7406393352203025,,,
tail_vigor,regression,transfer_clean_to_raw,fastica/keep_top_05/cleaned_fastica_220127_F4_run2_fluorescence,raw,2,2534,634,-2.6031178072176493,0.2005417448658664,0.2024751697338894,1.8807668160999753,1.8981880326294465,,,
tail_vigor,regression,transfer_clean_to_raw,fastica/keep_top_05/cleaned_fastica_220127_F4_run2_fluorescence,raw,3,2533,635,-1.8771036345231922,0.26353185945563706,0.24883545783599156,1.8432027647333022,1.6962027103277466,,,
tail_vigor,regression,transfer_clean_to_raw,fastica/keep_top_05/cleaned_fastica_220127_F4_run2_fluorescence,raw,4,2536,635,-2.226959394389465,0.2696176058544756,0.2590529572889071,1.7162646379077506,1.7963739572787916,,,
tail_vigor,regression,transfer_raw_to_clean,raw,fastica/keep_top_06/cleaned_fastica_220127_F4_run2_fluorescence,0,2536,635,-3.1340579610822363,0.20647322118738495,0.1784104999490872,2.107035099182482,2.0332382942198968,,,
tail_vigor,regression,transfer_raw_to_clean,raw,fastica/keep_top_06/cleaned_fastica_220127_F4_run2_fluorescence,1,2533,635,-2.459544666210027,0.29409374711995273,0.26691878771275174,2.0797623728097268,1.8599851252657982,,,
tail_vigor,regression,transfer_raw_to_clean,raw,fastica/keep_top_06/cleaned_fastica_220127_F4_run2_fluorescence,2,2534,634,-1.828698095196481,0.21528782026137777,0.1925730455196045,1.6664374675945663,1.681873388574919,,,
tail_vigor,regression,transfer_raw_to_clean,raw,fastica/keep_top_06/cleaned_fastica_220127_F4_run2_fluorescence,3,2533,635,-1.6415824684516371,0.23961710799209154,0.19165781579499727,1.7661494367600594,1.6252945789768811,,,
tail_vigor,regression,transfer_raw_to_clean,raw,fastica/keep_top_06/cleaned_fastica_220127_F4_run2_fluorescence,4,2536,635,-1.6609127670693278,0.18384437877707968,0.17378852891729937,1.5584857033454724,1.6312304457278035,,,
tail_vigor,regression,transfer_clean_to_raw,fastica/keep_top_06/cleaned_fastica_220127_F4_run2_fluorescence,raw,0,2536,635,-3.812680561016614,0.2335945052413106,0.22880165976520736,2.2734060312275854,2.1937822501371036,,,
tail_vigor,regression,transfer_clean_to_raw,fastica/keep_top_06/cleaned_fastica_220127_F4_run2_fluorescence,raw,1,2533,635,-3.380358239146111,0.23140232519891377,0.21953551592804413,2.34023279209519,2.0929305385382744,,,
tail_vigor,regression,transfer_clean_to_raw,fastica/keep_top_06/cleaned_fastica_220127_F4_run2_fluorescence,raw,2,2534,634,-2.5348971304024293,0.25129534712061957,0.2500251344669075,1.8628767073262014,1.8801322108836998,,,
tail_vigor,regression,transfer_clean_to_raw,fastica/keep_top_06/cleaned_fastica_220127_F4_run2_fluorescence,raw,3,2533,635,-2.112053766360767,0.2322603806855705,0.2052226494439586,1.9169858453648065,1.7641014047839676,,,
tail_vigor,regression,transfer_clean_to_raw,fastica/keep_top_06/cleaned_fastica_220127_F4_run2_fluorescence,raw,4,2536,635,-2.0975266288233145,0.23493600163480616,0.21906494701056461,1.6814928630543733,1.7599791557922821,,,
tail_vigor,regression,transfer_raw_to_clean,raw,infomax/keep_top_01/cleaned_infomax_220127_F4_run2_fluorescence,0,2536,635,-1.0086931835473338,0.31906350052736965,0.279297797108586,1.4687243409622193,1.4172837343126936,,,
tail_vigor,regression,transfer_raw_to_clean,raw,infomax/keep_top_01/cleaned_infomax_220127_F4_run2_fluorescence,1,2533,635,-0.6973149899168796,0.391206610586477,0.41084441008284367,1.4567514832137518,1.302810419791337,,,
tail_vigor,regression,transfer_raw_to_clean,raw,infomax/keep_top_01/cleaned_infomax_220127_F4_run2_fluorescence,2,2534,634,-0.05622302694768622,0.46369417357753695,0.40659224900988655,1.0182948287365408,1.027727116966214,,,
tail_vigor,regression,transfer_raw_to_clean,raw,infomax/keep_top_01/cleaned_infomax_220127_F4_run2_fluorescence,3,2533,635,-0.26886265535586484,0.3483873412958784,0.3411216385667647,1.2240598926397057,1.1264380388445097,,,
tail_vigor,regression,transfer_raw_to_clean,raw,infomax/keep_top_01/cleaned_infomax_220127_F4_run2_fluorescence,4,2536,635,-0.1520306714371098,0.3176166418987863,0.32025819401008315,1.025461889848434,1.0733269173169513,,,
tail_vigor,regression,transfer_clean_to_raw,infomax/keep_top_01/cleaned_infomax_220127_F4_run2_fluorescence,raw,0,2536,635,-0.586992383538194,0.4620268191942428,0.35060347832198274,1.305482067969111,1.259758859281487,,,
tail_vigor,regression,transfer_clean_to_raw,infomax/keep_top_01/cleaned_infomax_220127_F4_run2_fluorescence,raw,1,2533,635,0.14095592262007928,0.6220052210924643,0.44265772592473585,1.0363631671796047,0.9268463073130954,,,
tail_vigor,regression,transfer_clean_to_raw,infomax/keep_top_01/cleaned_infomax_220127_F4_run2_fluorescence,raw,2,2534,634,0.10187890506025432,0.5182547154694236,0.45780711549393427,0.938994765246769,0.9476925107542771,,,
tail_vigor,regression,transfer_clean_to_raw,infomax/keep_top_01/cleaned_infomax_220127_F4_run2_fluorescence,raw,3,2533,635,0.06684490025701728,0.4813444041888678,0.4582761894625434,1.0497171128255591,0.9659995340283467,,,
tail_vigor,regression,transfer_clean_to_raw,infomax/keep_top_01/cleaned_infomax_220127_F4_run2_fluorescence,raw,4,2536,635,-0.2119447176666378,0.3705201501840148,0.3577180739148472,1.0517896892593293,1.1008836076836814,,,
tail_vigor,regression,transfer_raw_to_clean,raw,infomax/keep_top_02/cleaned_infomax_220127_F4_run2_fluorescence,0,2536,635,-1.1553070337969418,0.29389180142639754,0.27383054607491447,1.521381260792774,1.4680963979919512,,,
tail_vigor,regression,transfer_raw_to_clean,raw,infomax/keep_top_02/cleaned_infomax_220127_F4_run2_fluorescence,1,2533,635,-0.7110118419222939,0.3938989124166661,0.4193948433051579,1.4626174590671417,1.3080565132754371,,,
tail_vigor,regression,transfer_raw_to_clean,raw,infomax/keep_top_02/cleaned_infomax_220127_F4_run2_fluorescence,2,2534,634,-0.08229704494454748,0.45219538120977665,0.4012512699312789,1.0307870621675461,1.040335063786926,,,
tail_vigor,regression,transfer_raw_to_clean,raw,infomax/keep_top_02/cleaned_infomax_220127_F4_run2_fluorescence,3,2533,635,-0.2468061578710914,0.3567207608327432,0.35344598036251085,1.2133744048703023,1.116604745588649,,,
tail_vigor,regression,transfer_raw_to_clean,raw,infomax/keep_top_02/cleaned_infomax_220127_F4_run2_fluorescence,4,2536,635,-0.14329287829406034,0.33298896864202665,0.3328920919709279,1.0215655835033512,1.069248744817622,,,
tail_vigor,regression,transfer_clean_to_raw,infomax/keep_top_02/cleaned_infomax_220127_F4_run2_fluorescence,raw,0,2536,635,-0.5511802998451809,0.4599521785604286,0.351534551606165,1.290668259214412,1.245463889418389,,,
tail_vigor,regression,transfer_clean_to_raw,infomax/keep_top_02/cleaned_infomax_220127_F4_run2_fluorescence,raw,1,2533,635,0.24251459180827195,0.6349602532380019,0.45992912510563216,0.9731759802073877,0.8703363764612668,,,
tail_vigor,regression,transfer_clean_to_raw,infomax/keep_top_02/cleaned_infomax_220127_F4_run2_fluorescence,raw,2,2534,634,0.17125384320361337,0.533541604200994,0.47049955801003324,0.9019998935441529,0.9103549619771326,,,
tail_vigor,regression,transfer_clean_to_raw,infomax/keep_top_02/cleaned_infomax_220127_F4_run2_fluorescence,raw,3,2533,635,0.09632991292107695,0.49093743211903257,0.4720940500592009,1.0329999813622615,0.9506156358270799,,,
tail_vigor,regression,transfer_clean_to_raw,infomax/keep_top_02/cleaned_infomax_220127_F4_run2_fluorescence,raw,4,2536,635,-0.1431778472029146,0.3848526716159204,0.3749883072197415,1.0215141903905471,1.0691949528514033,,,
tail_vigor,regression,transfer_raw_to_clean,raw,infomax/keep_top_03/cleaned_infomax_220127_F4_run2_fluorescence,0,2536,635,-1.3465225262953213,0.3038467914972107,0.285638498156957,1.5874346415523037,1.5318363249039766,,,
tail_vigor,regression,transfer_raw_to_clean,raw,infomax/keep_top_03/cleaned_infomax_220127_F4_run2_fluorescence,1,2533,635,-1.041672558294369,0.3822666356795565,0.3967017470141393,1.5977075643232654,1.4288710782622656,,,
tail_vigor,regression,transfer_raw_to_clean,raw,infomax/keep_top_03/cleaned_infomax_220127_F4_run2_fluorescence,2,2534,634,-0.2218029355509079,0.44680919796056284,0.4017023660513557,1.09520723647596,1.1053519509870635,,,
tail_vigor,regression,transfer_raw_to_clean,raw,infomax/keep_top_03/cleaned_infomax_220127_F4_run2_fluorescence,3,2533,635,-0.3725795538063803,0.35312268962097415,0.3358279169358361,1.273104704471465,1.1715714036312002,,,
tail_vigor,regression,transfer_raw_to_clean,raw,infomax/keep_top_03/cleaned_infomax_220127_F4_run2_fluorescence,4,2536,635,-0.27811156995814845,0.32109782310471646,0.3341866729859072,1.0801197000861007,1.1305359657959355,,,
tail_vigor,regression,transfer_clean_to_raw,infomax/keep_top_03/cleaned_infomax_220127_F4_run2_fluorescence,raw,0,2536,635,-0.2980027484591323,0.530207393575757,0.3992849206913768,1.1806503373997268,1.1392992356967209,,,
tail_vigor,regression,transfer_clean_to_raw,infomax/keep_top_03/cleaned_infomax_220127_F4_run2_fluorescence,raw,1,2533,635,-0.48076024831890307,0.4015956009648995,0.4048031213502774,1.360650605034989,1.2168649260780355,,,
tail_vigor,regression,transfer_clean_to_raw,infomax/keep_top_03/cleaned_infomax_220127_F4_run2_fluorescence,raw,2,2534,634,0.15209746101267874,0.5334905214994408,0.4785864931987544,0.9123651551370476,0.9208162351888249,,,
tail_vigor,regression,transfer_clean_to_raw,infomax/keep_top_03/cleaned_infomax_220127_F4_run2_fluorescence,raw,3,2533,635,-0.150103663488651,0.4411858431625835,0.42152794917680436,1.165370053295879,1.072428861737995,,,
tail_vigor,regression,transfer_clean_to_raw,infomax/keep_top_03/cleaned_infomax_220127_F4_run2_fluorescence,raw,4,2536,635,-0.1463695649968384,0.4027306260323019,0.4139386807424373,1.0229392147091905,1.070686492394874,,,
tail_vigor,regression,transfer_raw_to_clean,raw,infomax/keep_top_04/cleaned_infomax_220127_F4_run2_fluorescence,0,2536,635,-2.1258221762533362,0.28996074312475234,0.2611957195431173,1.8321693916589474,1.7679994842344655,,,
tail_vigor,regression,transfer_raw_to_clean,raw,infomax/keep_top_04/cleaned_infomax_220127_F4_run2_fluorescence,1,2533,635,-1.5680608686921365,0.34232966007778404,0.33202350088721466,1.7918716658971134,1.6025170416230015,,,
tail_vigor,regression,transfer_raw_to_clean,raw,infomax/keep_top_04/cleaned_infomax_220127_F4_run2_fluorescence,2,2534,634,-0.7579770723491188,0.3522968431634368,0.33463761301280626,1.3137185306942747,1.3258872773916788,,,
tail_vigor,regression,transfer_raw_to_clean,raw,infomax/keep_top_04/cleaned_infomax_220127_F4_run2_fluorescence,3,2533,635,-0.5890718953165615,0.3448921885037341,0.31499123276852475,1.3698314522812298,1.2605839501265126,,,
tail_vigor,regression,transfer_raw_to_clean,raw,infomax/keep_top_04/cleaned_infomax_220127_F4_run2_fluorescence,4,2536,635,-0.7876027458063142,0.2423551060805247,0.2486840338197686,1.2773885251982384,1.337012619912884,,,
tail_vigor,regression,transfer_clean_to_raw,infomax/keep_top_04/cleaned_infomax_220127_F4_run2_fluorescence,raw,0,2536,635,-0.8070902704288567,0.42090549663330007,0.35317009856075304,1.3930715192174044,1.344280577271299,,,
tail_vigor,regression,transfer_clean_to_raw,infomax/keep_top_04/cleaned_infomax_220127_F4_run2_fluorescence,raw,1,2533,635,-1.5610336129108537,0.29773655818814465,0.33028732177536324,1.7894183427210695,1.600322971437595,,,
tail_vigor,regression,transfer_clean_to_raw,infomax/keep_top_04/cleaned_infomax_220127_F4_run2_fluorescence,raw,2,2534,634,-0.014934913097433444,0.4998791269725253,0.45456715015223087,0.998193686536369,1.007439781375261,,,
tail_vigor,regression,transfer_clean_to_raw,infomax/keep_top_04/cleaned_infomax_220127_F4_run2_fluorescence,raw,3,2533,635,-0.43770526631463924,0.42702926736473046,0.3979007456701886,1.3029576261383484,1.1990434797431826,,,
tail_vigor,regression,transfer_clean_to_raw,infomax/keep_top_04/cleaned_infomax_220127_F4_run2_fluorescence,raw,4,2536,635,-0.29187420034537337,0.37218717969712184,0.38767283483414244,1.0859194617927053,1.1366064403941118,,,
tail_vigor,regression,transfer_raw_to_clean,raw,infomax/keep_top_05/cleaned_infomax_220127_F4_run2_fluorescence,0,2536,635,-2.6624473462788187,0.25545341419895295,0.22277968742616197,1.9832121954093653,1.9137521642780233,,,
tail_vigor,regression,transfer_raw_to_clean,raw,infomax/keep_top_05/cleaned_infomax_220127_F4_run2_fluorescence,1,2533,635,-2.0039244724877245,0.3307462236036929,0.31524870424420876,1.9379775871370855,1.733183334932495,,,
tail_vigor,regression,transfer_raw_to_clean,raw,infomax/keep_top_05/cleaned_infomax_220127_F4_run2_fluorescence,2,2534,634,-1.2397778889607283,0.3121010363129601,0.2944520771715874,1.4828533377255226,1.4965887507798288,,,
tail_vigor,regression,transfer_raw_to_clean,raw,infomax/keep_top_05/cleaned_infomax_220127_F4_run2_fluorescence,3,2533,635,-1.0026986457639442,0.3098715053052516,0.26009153305475463,1.5378117057808431,1.4151673560974847,,,
tail_vigor,regression,transfer_raw_to_clean,raw,infomax/keep_top_05/cleaned_infomax_220127_F4_run2_fluorescence,4,2536,635,-1.2184890884452484,0.2211983844460354,0.23069009719043046,1.4230368699842242,1.4894593275565629,,,
tail_vigor,regression,transfer_clean_to_raw,infomax/keep_top_05/cleaned_infomax_220127_F4_run2_fluorescence,raw,0,2536,635,-1.7241934908662655,0.3812962225789299,0.3250977353257364,1.710418814022714,1.6505130992713342,,,
tail_vigor,regression,transfer_clean_to_raw,infomax/keep_top_05/cleaned_infomax_220127_F4_run2_fluorescence,raw,1,2533,635,-1.9177121819879512,0.2979322951056603,0.2782054146322768,1.909965268293567,1.7081311957774061,,,
tail_vigor,regression,transfer_clean_to_raw,infomax/keep_top_05/cleaned_infomax_220127_F4_run2_fluorescence,raw,2,2534,634,-1.1466460003749086,0.3533108671174487,0.30463285696365416,1.4516968630512106,1.4651436790891563,,,
tail_vigor,regression,transfer_clean_to_raw,infomax/keep_top_05/cleaned_infomax_220127_F4_run2_fluorescence,raw,3,2533,635,-0.673825057480576,0.38782095963353047,0.36870360028116866,1.40588692801918,1.2937639110288153,,,
tail_vigor,regression,transfer_clean_to_raw,infomax/keep_top_05/cleaned_infomax_220127_F4_run2_fluorescence,raw,4,2536,635,-1.1460129073786263,0.3022975047078295,0.3167908268696584,1.3995991462604638,1.4649276116513834,,,
tail_vigor,regression,transfer_raw_to_clean,raw,infomax/keep_top_06/cleaned_infomax_220127_F4_run2_fluorescence,0,2536,635,-3.010823164756494,0.2286504382175309,0.19846111031884214,2.0753925184342883,2.0027039633346946,,,
tail_vigor,regression,transfer_raw_to_clean,raw,infomax/keep_top_06/cleaned_infomax_220127_F4_run2_fluorescence,1,2533,635,-2.2959966052074328,0.3112251182703267,0.29185354014072473,2.0300074111459177,1.8154879799126826,,,
tail_vigor,regression,transfer_raw_to_clean,raw,infomax/keep_top_06/cleaned_infomax_220127_F4_run2_fluorescence,2,2534,634,-1.7153948151885077,0.2808514441039369,0.2735151056407779,1.6327218876591756,1.6478455070753772,,,
tail_vigor,regression,transfer_raw_to_clean,raw,infomax/keep_top_06/cleaned_infomax_220127_F4_run2_fluorescence,3,2533,635,-1.3919879709214191,0.29315584008878687,0.23893889010901825,1.6806406201595439,1.546605305474354,,,
tail_vigor,regression,transfer_raw_to_clean,raw,infomax/keep_top_06/cleaned_infomax_220127_F4_run2_fluorescence,4,2536,635,-1.5661829479651974,0.19551540044286417,0.21518835226140637,1.5304928724976699,1.6019310059940777,,,
tail_vigor,regression,transfer_clean_to_raw,infomax/keep_top_06/cleaned_infomax_220127_F4_run2_fluorescence,raw,0,2536,635,-1.6635092386569954,0.3070594064258489,0.2585302539831315,1.6912608403889666,1.6320261145756814,,,
tail_vigor,regression,transfer_clean_to_raw,infomax/keep_top_06/cleaned_infomax_220127_F4_run2_fluorescence,raw,1,2533,635,-2.1977394413842406,0.24576505553049574,0.20673570289806376,1.9995201377015597,1.7882224250311372,,,
tail_vigor,regression,transfer_clean_to_raw,infomax/keep_top_06/cleaned_infomax_220127_F4_run2_fluorescence,raw,2,2534,634,-2.672913540363919,0.2906818334958455,0.2642780838100282,1.898895543267448,1.9164846830496503,,,
tail_vigor,regression,transfer_clean_to_raw,infomax/keep_top_06/cleaned_infomax_220127_F4_run2_fluorescence,raw,3,2533,635,-1.3975602022889748,0.3073641893205862,0.2690281279388783,1.682597041105368,1.5484056969311937,,,
tail_vigor,regression,transfer_clean_to_raw,infomax/keep_top_06/cleaned_infomax_220127_F4_run2_fluorescence,raw,4,2536,635,-2.1537918104627605,0.25944855202633504,0.2808077355743657,1.6966959163581186,1.775891835237372,,,
tail_vigor,regression,transfer_raw_to_clean,raw,jade/keep_top_01/cleaned_jade_220127_F4_run2_fluorescence,0,2536,635,-1.914130650828933,-0.010000410467953696,0.013345724418057602,1.7690414095341525,1.7070824967847724,,,
tail_vigor,regression,transfer_raw_to_clean,raw,jade/keep_top_01/cleaned_jade_220127_F4_run2_fluorescence,1,2533,635,-0.6883825102600272,0.04781974085651754,0.062403992843034835,1.452913194977351,1.2993777396354098,,,
tail_vigor,regression,transfer_raw_to_clean,raw,jade/keep_top_01/cleaned_jade_220127_F4_run2_fluorescence,2,2534,634,-1.135451710803995,-0.02256413466030781,-0.03837189758568019,1.4479067745937517,1.461318483700249,,,
tail_vigor,regression,transfer_raw_to_clean,raw,jade/keep_top_01/cleaned_jade_220127_F4_run2_fluorescence,3,2533,635,-0.6663793547118657,0.034013827827768794,0.03164133971704167,1.4027565282358012,1.2908831684981668,,,
tail_vigor,regression,transfer_raw_to_clean,raw,jade/keep_top_01/cleaned_jade_220127_F4_run2_fluorescence,4,2536,635,-0.5482963593579984,-0.0018878953398764585,0.0011475726148776671,1.188815750354195,1.2443055731443136,,,
tail_vigor,regression,transfer_clean_to_raw,jade/keep_top_01/cleaned_jade_220127_F4_run2_fluorescence,raw,0,2536,635,-1.356331669921845,0.168389479193959,0.1614251652396555,1.590749149496227,1.5350347455096398,,,
tail_vigor,regression,transfer_clean_to_raw,jade/keep_top_01/cleaned_jade_220127_F4_run2_fluorescence,raw,1,2533,635,-0.9118452145647016,0.10386061993321272,0.1372180587707149,1.5460751853066899,1.3826949101536108,,,
tail_vigor,regression,transfer_clean_to_raw,jade/keep_top_01/cleaned_jade_220127_F4_run2_fluorescence,raw,2,2534,634,-0.6796484676448464,0.14880729675891607,0.17557647893263756,1.2841179642481493,1.2960125260370157,,,
tail_vigor,regression,transfer_clean_to_raw,jade/keep_top_01/cleaned_jade_220127_F4_run2_fluorescence,raw,3,2533,635,-0.7148326173826411,0.1926917316463185,0.2282875652906309,1.4230043513678237,1.309516176831215,,,
tail_vigor,regression,transfer_clean_to_raw,jade/keep_top_01/cleaned_jade_220127_F4_run2_fluorescence,raw,4,2536,635,-0.5607039155272355,0.1019295804978004,0.09850864289625459,1.1935696415817039,1.2492813596333037,,,
tail_vigor,regression,transfer_raw_to_clean,raw,jade/keep_top_02/cleaned_jade_220127_F4_run2_fluorescence,0,2536,635,-2.088298275852679,-0.01543585924217501,0.0059154860944272344,1.8211390589537517,1.7573554779419782,,,
tail_vigor,regression,transfer_raw_to_clean,raw,jade/keep_top_02/cleaned_jade_220127_F4_run2_fluorescence,1,2533,635,-0.8697856017398398,0.06723099455631332,0.08364518860980491,1.5289741788987954,1.3674010391029545,,,
tail_vigor,regression,transfer_raw_to_clean,raw,jade/keep_top_02/cleaned_jade_220127_F4_run2_fluorescence,2,2534,634,-1.038123669006171,-0.00407677818516228,-0.01605118158824648,1.4145261769464046,1.4276286873715345,,,
tail_vigor,regression,transfer_raw_to_clean,raw,jade/keep_top_02/cleaned_jade_220127_F4_run2_fluorescence,3,2533,635,-0.736092007178484,0.018932935853479015,-0.0014476320490375639,1.4317979265490222,1.3176084422841576,,,
tail_vigor,regression,transfer_raw_to_clean,raw,jade/keep_top_02/cleaned_jade_220127_F4_run2_fluorescence,4,2536,635,-0.5791141101441566,0.07151722401360351,0.05678758992939035,1.20058872676338,1.2566280715248075,,,
tail_vigor,regression,transfer_clean_to_raw,jade/keep_top_02/cleaned_jade_220127_F4_run2_fluorescence,raw,0,2536,635,-1.346939645411196,0.21635283024060661,0.2180516592304729,1.5875757269037933,1.5319724688816034,,,
tail_vigor,regression,transfer_clean_to_raw,jade/keep_top_02/cleaned_jade_220127_F4_run2_fluorescence,raw,1,2533,635,-1.4993876749378376,0.11403547455947936,0.11490128007041087,1.7677508613249442,1.5809451840395472,,,
tail_vigor,regression,transfer_clean_to_raw,jade/keep_top_02/cleaned_jade_220127_F4_run2_fluorescence,raw,2,2534,634,-0.618320664486637,0.2679070668292698,0.28120781475116097,1.2604569359944109,1.2721323297859533,,,
tail_vigor,regression,transfer_clean_to_raw,jade/keep_top_02/cleaned_jade_220127_F4_run2_fluorescence,raw,3,2533,635,-0.9413568229473013,0.18009473624169067,0.19971788874286545,1.5140772834715166,1.3933258136370337,,,
tail_vigor,regression,transfer_clean_to_raw,jade/keep_top_02/cleaned_jade_220127_F4_run2_fluorescence,raw,4,2536,635,-0.7434573153188797,0.18471980435219676,0.17843649872896256,1.261517163259077,1.320400437488143,,,
tail_vigor,regression,transfer_raw_to_clean,raw,jade/keep_top_03/cleaned_jade_220127_F4_run2_fluorescence,0,2536,635,-2.1770183438084976,0.0377976450013276,0.05152517991934155,1.84711251448297,1.782419239070454,,,
tail_vigor,regression,transfer_raw_to_clean,raw,jade/keep_top_03/cleaned_jade_220127_F4_run2_fluorescence,1,2533,635,-0.9231450186529657,0.13191382943036312,0.16910421424033684,1.550637429234816,1.3867750425548355,,,
tail_vigor,regression,transfer_raw_to_clean,raw,jade/keep_top_03/cleaned_jade_220127_F4_run2_fluorescence,2,2534,634,-1.1628127044257934,0.005972585453979522,0.019649349383279672,1.457153079809781,1.4706504358363999,,,
tail_vigor,regression,transfer_raw_to_clean,raw,jade/keep_top_03/cleaned_jade_220127_F4_run2_fluorescence,3,2533,635,-0.7620569416484793,0.07214549717726124,0.0414660781820949,1.4424651510556665,1.3274249288183795,,,
tail_vigor,regression,transfer_raw_to_clean,raw,jade/keep_top_03/cleaned_jade_220127_F4_run2_fluorescence,4,2536,635,-0.620061488402537,0.1189774137269617,0.10482931392034152,1.2160550991042833,1.272816360832362,,,
tail_vigor,regression,transfer_clean_to_raw,jade/keep_top_03/cleaned_jade_220127_F4_run2_fluorescence,raw,0,2536,635,-1.2739604705777667,0.2681973729515748,0.2630701791918693,1.5626975992673295,1.5079656728777902,,,
tail_vigor,regression,transfer_clean_to_raw,jade/keep_top_03/cleaned_jade_220127_F4_run2_fluorescence,raw,1,2533,635,-1.6501015107481973,0.1601072279462451,0.15922799162784543,1.8202686961242762,1.6279132380898553,,,
tail_vigor,regression,transfer_clean_to_raw,jade/keep_top_03/cleaned_jade_220127_F4_run2_fluorescence,raw,2,2534,634,-0.8259504837033871,0.33481285874854816,0.3373527825245534,1.3388755805368715,1.3512773526198782,,,
tail_vigor,regression,transfer_clean_to_raw,jade/keep_top_03/cleaned_jade_220127_F4_run2_fluorescence,raw,3,2533,635,-0.8583991372811222,0.24551716427443973,0.23923960328905383,1.4813744774493867,1.3632311386119094,,,
tail_vigor,regression,transfer_clean_to_raw,jade/keep_top_03/cleaned_jade_220127_F4_run2_fluorescence,raw,4,2536,635,-0.8491072115855225,0.24968501982019134,0.26127321795804725,1.2991776784143396,1.359818815719772,,,
tail_vigor,regression,transfer_raw_to_clean,raw,jade/keep_top_04/cleaned_jade_220127_F4_run2_fluorescence,0,2536,635,-2.2560942415172214,0.05099463074064842,0.06470027327084003,1.8699585185349192,1.8044650845935537,,,
tail_vigor,regression,transfer_raw_to_clean,raw,jade/keep_top_04/cleaned_jade_220127_F4_run2_fluorescence,1,2533,635,-1.1377541378779008,0.12925936184507802,0.15211500408634232,1.6348696193597958,1.4621060624585005,,,
tail_vigor,regression,transfer_raw_to_clean,raw,jade/keep_top_04/cleaned_jade_220127_F4_run2_fluorescence,2,2534,634,-1.192242712266415,0.028843286533865725,0.04148963174245757,1.467033530129904,1.4806224070526608,,,
tail_vigor,regression,transfer_raw_to_clean,raw,jade/keep_top_04/cleaned_jade_220127_F4_run2_fluorescence,3,2533,635,-0.8195538997761254,0.11393464548885349,0.07604426999019533,1.4658104814774804,1.3489084104475462,,,
tail_vigor,regression,transfer_raw_to_clean,raw,jade/keep_top_04/cleaned_jade_220127_F4_run2_fluorescence,4,2536,635,-0.6921702142154027,0.13007613474349913,0.11663174183554118,1.2428237021013107,1.3008344299776984,,,
tail_vigor,regression,transfer_clean_to_raw,jade/keep_top_04/cleaned_jade_220127_F4_run2_fluorescence,raw,0,2536,635,-1.0117615266896829,0.3111461614963326,0.29780328622873486,1.4698456746319684,1.4183657943879227,,,
tail_vigor,regression,transfer_clean_to_raw,jade/keep_top_04/cleaned_jade_220127_F4_run2_fluorescence,raw,1,2533,635,-1.458658077205917,0.2172708333223651,0.20678745025424705,1.7532882149622413,1.5680108664183159,,,
tail_vigor,regression,transfer_clean_to_raw,jade/keep_top_04/cleaned_jade_220127_F4_run2_fluorescence,raw,2,2534,634,-0.8857179640088131,0.3523295650942653,0.36983897399347876,1.360611357144128,1.373214463952668,,,
tail_vigor,regression,transfer_clean_to_raw,jade/keep_top_04/cleaned_jade_220127_F4_run2_fluorescence,raw,3,2533,635,-0.6751858905593797,0.3262011221131228,0.3247927029514459,1.406458310532852,1.2942897243505336,,,
tail_vigor,regression,transfer_clean_to_raw,jade/keep_top_04/cleaned_jade_220127_F4_run2_fluorescence,raw,4,2536,635,-0.7604426806766904,0.3109469562656864,0.31442552974407995,1.267647337567558,1.3268167472099117,,,
tail_vigor,regression,transfer_raw_to_clean,raw,jade/keep_top_05/cleaned_jade_220127_F4_run2_fluorescence,0,2536,635,-2.3006226909087117,0.12812838018667266,0.1291356936425886,1.8827013327175792,1.816761594406022,,,
tail_vigor,regression,transfer_raw_to_clean,raw,jade/keep_top_05/cleaned_jade_220127_F4_run2_fluorescence,1,2533,635,-1.240120880421704,0.19605770921892635,0.18729991216001557,1.673554934533887,1.4967033374793097,,,
tail_vigor,regression,transfer_raw_to_clean,raw,jade/keep_top_05/cleaned_jade_220127_F4_run2_fluorescence,2,2534,634,-1.0928375335716551,0.14957493289985713,0.14802661725561664,1.4333870625795604,1.4466642781141914,,,
tail_vigor,regression,transfer_raw_to_clean,raw,jade/keep_top_05/cleaned_jade_220127_F4_run2_fluorescence,3,2533,635,-0.8067575490603061,0.20552011203330528,0.15446217967848888,1.4606470951260027,1.34415681713865,,,
tail_vigor,regression,transfer_raw_to_clean,raw,jade/keep_top_05/cleaned_jade_220127_F4_run2_fluorescence,4,2536,635,-0.7870602141873309,0.17778912556472537,0.16457905902361017,1.2771946688571525,1.336809715025789,,,
tail_vigor,regression,transfer_clean_to_raw,jade/keep_top_05/cleaned_jade_220127_F4_run2_fluorescence,raw,0,2536,635,-1.0106599111568588,0.36410182214571113,0.32780782971858996,1.4694431849408816,1.4179774014972377,,,
tail_vigor,regression,transfer_clean_to_raw,jade/keep_top_05/cleaned_jade_220127_F4_run2_fluorescence,raw,1,2533,635,-1.1396001292619262,0.27134692965532436,0.2522386404656187,1.6355753375580633,1.4627372044430695,,,
tail_vigor,regression,transfer_clean_to_raw,jade/keep_top_05/cleaned_jade_220127_F4_run2_fluorescence,raw,2,2534,634,-0.979417793778055,0.35791310413912686,0.35064672043070066,1.394005404690381,1.406917834764367,,,
tail_vigor,regression,transfer_clean_to_raw,jade/keep_top_05/cleaned_jade_220127_F4_run2_fluorescence,raw,3,2533,635,-0.5071680950965296,0.37025037495373125,0.341240929125966,1.334062591823173,1.2276677462149643,,,
tail_vigor,regression,transfer_clean_to_raw,jade/keep_top_05/cleaned_jade_220127_F4_run2_fluorescence,raw,4,2536,635,-0.6998851884467667,0.32121041065606226,0.3195817680349677,1.2456536327869263,1.3037964520763075,,,
tail_vigor,regression,transfer_raw_to_clean,raw,jade/keep_top_06/cleaned_jade_220127_F4_run2_fluorescence,0,2536,635,-2.4734162130035324,0.15858782398314233,0.15898006975079915,1.9313540876348043,1.8637103350584103,,,
tail_vigor,regression,transfer_raw_to_clean,raw,jade/keep_top_06/cleaned_jade_220127_F4_run2_fluorescence,1,2533,635,-1.5654569888948071,0.2902481234414078,0.28454819009939525,1.790963003292721,1.6017044012222752,,,
tail_vigor,regression,transfer_raw_to_clean,raw,jade/keep_top_06/cleaned_jade_220127_F4_run2_fluorescence,2,2534,634,-1.022611543042856,0.2281721060377375,0.20733261363419106,1.409132927545382,1.4221854812375412,,,
tail_vigor,regression,transfer_raw_to_clean,raw,jade/keep_top_06/cleaned_jade_220127_F4_run2_fluorescence,3,2533,635,-0.7762734782679321,0.27558682742397766,0.20740746865708604,1.4482724723430052,1.332769101633112,,,
tail_vigor,regression,transfer_raw_to_clean,raw,jade/keep_top_06/cleaned_jade_220127_F4_run2_fluorescence,4,2536,635,-0.993276498680641,0.1828239765042925,0.1846643898036896,1.3488736695718362,1.4118344445014228,,,
tail_vigor,regression,transfer_clean_to_raw,jade/keep_top_06/cleaned_jade_220127_F4_run2_fluorescence,raw,0,2536,635,-1.3340709596760845,0.3533834036939832,0.3210153894917244,1.5832172646956726,1.5277666574696818,,,
tail_vigor,regression,transfer_clean_to_raw,jade/keep_top_06/cleaned_jade_220127_F4_run2_fluorescence,raw,1,2533,635,-1.5310566120231455,0.3144658072746128,0.3204741547299076,1.7789149098327324,1.5909294805311598,,,
tail_vigor,regression,transfer_clean_to_raw,jade/keep_top_06/cleaned_jade_220127_F4_run2_fluorescence,raw,2,2534,634,-0.7387201848758946,0.3525504743208148,0.3215207171141103,1.3065034789943792,1.3186053939203701,,,
tail_vigor,regression,transfer_clean_to_raw,jade/keep_top_06/cleaned_jade_220127_F4_run2_fluorescence,raw,3,2533,635,-0.6513419840396137,0.38872993013216306,0.3579407576594803,1.396412962714599,1.28504551827537,,,
tail_vigor,regression,transfer_clean_to_raw,jade/keep_top_06/cleaned_jade_220127_F4_run2_fluorescence,raw,4,2536,635,-0.9214921805833332,0.2942272150957809,0.2832201128549063,1.3243623163449814,1.3861789857674707,,,
tail_vigor,regression,transfer_raw_to_clean,raw,sobi/keep_top_01/cleaned_sobi_220127_F4_run2_fluorescence,0,2536,635,-1.8355495071793655,0.011694469479017365,0.028826819251502583,1.7450268218530156,1.6839089961097558,,,
tail_vigor,regression,transfer_raw_to_clean,raw,sobi/keep_top_01/cleaned_sobi_220127_F4_run2_fluorescence,1,2533,635,-1.3975896491320237,0.06475003333669052,0.07562980584227925,1.7313771161296707,1.5484152056641731,,,
tail_vigor,regression,transfer_raw_to_clean,raw,sobi/keep_top_01/cleaned_sobi_220127_F4_run2_fluorescence,2,2534,634,-0.6357235204819733,-0.025843172788979345,-0.0760124418585578,1.2672160703787398,1.2789540728587454,,,
tail_vigor,regression,transfer_raw_to_clean,raw,sobi/keep_top_01/cleaned_sobi_220127_F4_run2_fluorescence,3,2533,635,-0.61212345580295,-0.01944743575550612,-0.04427184311978877,1.3797312750390984,1.2696942371307156,,,
tail_vigor,regression,transfer_raw_to_clean,raw,sobi/keep_top_01/cleaned_sobi_220127_F4_run2_fluorescence,4,2536,635,-0.3261097735049907,0.016624023485329216,-0.021495714186688036,1.1002141899765834,1.1515683972326574,,,
tail_vigor,regression,transfer_clean_to_raw,sobi/keep_top_01/cleaned_sobi_220127_F4_run2_fluorescence,raw,0,2536,635,-2.212157982606264,0.20728789915354248,0.1605465563849516,1.8572994836095476,1.7922494197533623,,,
tail_vigor,regression,transfer_clean_to_raw,sobi/keep_top_01/cleaned_sobi_220127_F4_run2_fluorescence,raw,1,2533,635,-0.5121601803271423,0.10342183622555283,0.07411998761201263,1.3750014127591415,1.2296992235205901,,,
tail_vigor,regression,transfer_clean_to_raw,sobi/keep_top_01/cleaned_sobi_220127_F4_run2_fluorescence,raw,2,2534,634,-1.1640148155960843,0.2011121757526621,0.17887311093640437,1.4575579730908583,1.4710590795736533,,,
tail_vigor,regression,transfer_clean_to_raw,sobi/keep_top_01/cleaned_sobi_220127_F4_run2_fluorescence,raw,3,2533,635,-0.488362513737747,0.16442367050900702,0.14770922934663305,1.325713631732219,1.219984636681031,,,
tail_vigor,regression,transfer_clean_to_raw,sobi/keep_top_01/cleaned_sobi_220127_F4_run2_fluorescence,raw,4,2536,635,-0.17267466320031466,0.18319796548610617,0.15717840375370637,1.0346090547476532,1.0829010403542492,,,
tail_vigor,regression,transfer_raw_to_clean,raw,sobi/keep_top_02/cleaned_sobi_220127_F4_run2_fluorescence,0,2536,635,-1.9594593244611271,0.16609016488429007,0.18790305756691122,1.7827468476597146,1.7203079155956722,,,
tail_vigor,regression,transfer_raw_to_clean,raw,sobi/keep_top_02/cleaned_sobi_220127_F4_run2_fluorescence,1,2533,635,-1.365851556789115,0.26463686188781416,0.29685907050841115,1.7198793870128184,1.538132489998542,,,
tail_vigor,regression,transfer_raw_to_clean,raw,sobi/keep_top_02/cleaned_sobi_220127_F4_run2_fluorescence,2,2534,634,-0.5422305840051598,0.3054767035847628,0.3157785207808221,1.2304681543920484,1.2418657673054523,,,
tail_vigor,regression,transfer_raw_to_clean,raw,sobi/keep_top_02/cleaned_sobi_220127_F4_run2_fluorescence,3,2533,635,-0.4847334607197047,0.21890041167738614,0.21001274147956667,1.3240964110307223,1.218496393396265,,,
tail_vigor,regression,transfer_raw_to_clean,raw,sobi/keep_top_02/cleaned_sobi_220127_F4_run2_fluorescence,4,2536,635,-0.43868383239598985,0.2113273908462764,0.23250063726492126,1.1459619179058065,1.1994514714635145,,,
tail_vigor,regression,transfer_clean_to_raw,sobi/keep_top_02/cleaned_sobi_220127_F4_run2_fluorescence,raw,0,2536,635,-1.1391007074382928,0.42588204999731505,0.40072856853146327,1.5156506329344384,1.4625664796645288,,,
tail_vigor,regression,transfer_clean_to_raw,sobi/keep_top_02/cleaned_sobi_220127_F4_run2_fluorescence,raw,1,2533,635,-1.389158921374492,0.32875246772485966,0.3446881807975087,1.7283303846948994,1.5456904351695044,,,
tail_vigor,regression,transfer_clean_to_raw,sobi/keep_top_02/cleaned_sobi_220127_F4_run2_fluorescence,raw,2,2534,634,-0.5821476579670706,0.4042859116094795,0.3935332146288469,1.246290340284824,1.257834511359531,,,
tail_vigor,regression,transfer_clean_to_raw,sobi/keep_top_02/cleaned_sobi_220127_F4_run2_fluorescence,raw,3,2533,635,-0.673804516661046,0.286293383930579,0.30601539921313636,1.4058783016223722,1.2937559726088401,,,
tail_vigor,regression,transfer_clean_to_raw,sobi/keep_top_02/cleaned_sobi_220127_F4_run2_fluorescence,raw,4,2536,635,-0.6435314765356479,0.2634683110862072,0.2901334515470085,1.2248319796918075,1.282002915962225,,,
tail_vigor,regression,transfer_raw_to_clean,raw,sobi/keep_top_03/cleaned_sobi_220127_F4_run2_fluorescence,0,2536,635,-2.0240746880620843,0.1677944419676282,0.19216659548900064,1.8021035661094877,1.7389866842681931,,,
tail_vigor,regression,transfer_raw_to_clean,raw,sobi/keep_top_03/cleaned_sobi_220127_F4_run2_fluorescence,1,2533,635,-1.482566661503824,0.2525269213967382,0.27837801234617854,1.7617922898528542,1.5756162799056832,,,
tail_vigor,regression,transfer_raw_to_clean,raw,sobi/keep_top_03/cleaned_sobi_220127_F4_run2_fluorescence,2,2534,634,-0.6473614077205578,0.28569554008706666,0.2936455750687179,1.271716090888056,1.283495776276867,,,
tail_vigor,regression,transfer_raw_to_clean,raw,sobi/keep_top_03/cleaned_sobi_220127_F4_run2_fluorescence,3,2533,635,-0.5405817850308012,0.2133938577162247,0.20522777296472883,1.3487695096091203,1.2412017503334427,,,
tail_vigor,regression,transfer_raw_to_clean,raw,sobi/keep_top_03/cleaned_sobi_220127_F4_run2_fluorescence,4,2536,635,-0.5710953866788351,0.1861690337976292,0.19818235940739892,1.197536559173899,1.2534334392694473,,,
tail_vigor,regression,transfer_clean_to_raw,sobi/keep_top_03/cleaned_sobi_220127_F4_run2_fluorescence,raw,0,2536,635,-1.3141384108241758,0.4022171263386688,0.37101097334977484,1.5764425737769776,1.5212292433503163,,,
tail_vigor,regression,transfer_clean_to_raw,sobi/keep_top_03/cleaned_sobi_220127_F4_run2_fluorescence,raw,1,2533,635,-1.6111489283888014,0.30132811017950395,0.3204367884679604,1.8068415414904395,1.6159049874261797,,,
tail_vigor,regression,transfer_clean_to_raw,sobi/keep_top_03/cleaned_sobi_220127_F4_run2_fluorescence,raw,2,2534,634,-0.6777644431237762,0.3777537905125223,0.3697126497925848,1.2833975788277747,1.2952854678115462,,,
tail_vigor,regression,transfer_clean_to_raw,sobi/keep_top_03/cleaned_sobi_220127_F4_run2_fluorescence,raw,3,2533,635,-0.7505491549745771,0.2736794236482652,0.2720014445021506,1.4377471501237424,1.3230832003221027,,,
tail_vigor,regression,transfer_clean_to_raw,sobi/keep_top_03/cleaned_sobi_220127_F4_run2_fluorescence,raw,4,2536,635,-0.6306543012145487,0.2617136336806758,0.2810777439604678,1.2200242250520867,1.2769707519025442,,,
tail_vigor,regression,transfer_raw_to_clean,raw,sobi/keep_top_04/cleaned_sobi_220127_F4_run2_fluorescence,0,2536,635,-1.97670035343554,0.29125238347988136,0.296064270464248,1.7879322128039352,1.725311668492258,,,
tail_vigor,regression,transfer_raw_to_clean,raw,sobi/keep_top_04/cleaned_sobi_220127_F4_run2_fluorescence,1,2533,635,-1.4653415750486327,0.35174780601286093,0.36693091529979655,1.755669624853649,1.570140622698691,,,
tail_vigor,regression,transfer_raw_to_clean,raw,sobi/keep_top_04/cleaned_sobi_220127_F4_run2_fluorescence,2,2534,634,-0.6381128956673803,0.3602724385668305,0.3567550764471193,1.2681412724899417,1.2798878449564945,,,
tail_vigor,regression,transfer_raw_to_clean,raw,sobi/keep_top_04/cleaned_sobi_220127_F4_run2_fluorescence,3,2533,635,-0.5193181042685866,0.35153234664091326,0.31122591986531345,1.3394290592084714,1.2326062243346767,,,
tail_vigor,regression,transfer_raw_to_clean,raw,sobi/keep_top_04/cleaned_sobi_220127_F4_run2_fluorescence,4,2536,635,-0.6699412686949411,0.26650714548527277,0.2555212554864661,1.2346336307412948,1.2922620743080488,,,
tail_vigor,regression,transfer_clean_to_raw,sobi/keep_top_04/cleaned_sobi_220127_F4_run2_fluorescence,raw,0,2536,635,-2.1774240214986476,0.41482180553493836,0.35700890821191794,1.8472304408431532,1.78253303517737,,,
tail_vigor,regression,transfer_clean_to_raw,sobi/keep_top_04/cleaned_sobi_220127_F4_run2_fluorescence,raw,1,2533,635,-1.5950215656958875,0.3333555462769195,0.3415537659968235,1.8012530585635325,1.6109070630225344,,,
tail_vigor,regression,transfer_clean_to_raw,sobi/keep_top_04/cleaned_sobi_220127_F4_run2_fluorescence,raw,2,2534,634,-0.2841800736915501,0.4562491764756487,0.3897136934795808,1.122816241245915,1.1332166931754712,,,
tail_vigor,regression,transfer_clean_to_raw,sobi/keep_top_04/cleaned_sobi_220127_F4_run2_fluorescence,raw,3,2533,635,-0.5131876376774396,0.3636295974841268,0.31198227649491916,1.3367240216564833,1.23011692032808,,,
tail_vigor,regression,transfer_clean_to_raw,sobi/keep_top_04/cleaned_sobi_220127_F4_run2_fluorescence,raw,4,2536,635,-0.5026209252868981,0.36465007103482094,0.34145934911206055,1.1711491843111623,1.2258143926740699,,,
tail_vigor,regression,transfer_raw_to_clean,raw,sobi/keep_top_05/cleaned_sobi_220127_F4_run2_fluorescence,0,2536,635,-2.182254290655942,0.2747495782711417,0.26249326514081633,1.8486339727188768,1.7838874097475832,,,
tail_vigor,regression,transfer_raw_to_clean,raw,sobi/keep_top_05/cleaned_sobi_220127_F4_run2_fluorescence,1,2533,635,-1.6693604670092093,0.3405310804628005,0.3360613925688736,1.8268708987910998,1.6338177581998579,,,
tail_vigor,regression,transfer_raw_to_clean,raw,sobi/keep_top_05/cleaned_sobi_220127_F4_run2_fluorescence,2,2534,634,-0.7817609729938242,0.3407500066800184,0.33555015219394674,1.3225754093728606,1.3348261957999716,,,
tail_vigor,regression,transfer_raw_to_clean,raw,sobi/keep_top_05/cleaned_sobi_220127_F4_run2_fluorescence,3,2533,635,-0.5910169735425388,0.34893905927566476,0.30265946811585787,1.370669556113868,1.2613552130714565,,,
tail_vigor,regression,transfer_raw_to_clean,raw,sobi/keep_top_05/cleaned_sobi_220127_F4_run2_fluorescence,4,2536,635,-0.8101788613454193,0.24290277712227712,0.23874243054247485,1.2854294585832673,1.3454288763607758,,,
tail_vigor,regression,transfer_clean_to_raw,sobi/keep_top_05/cleaned_sobi_220127_F4_run2_fluorescence,raw,0,2536,635,-2.6037504861204583,0.37664813696640637,0.3229968220681139,1.9672558548976133,1.8983546786942784,,,
tail_vigor,regression,transfer_clean_to_raw,sobi/keep_top_05/cleaned_sobi_220127_F4_run2_fluorescence,raw,1,2533,635,-1.8864576133763031,0.32047592345443887,0.3267724102625614,1.8997079395088075,1.6989578021176108,,,
tail_vigor,regression,transfer_clean_to_raw,sobi/keep_top_05/cleaned_sobi_220127_F4_run2_fluorescence,raw,2,2534,634,-0.4850967223509335,0.4158298151964908,0.3617618518740965,1.2074609445876185,1.218645445710496,,,
tail_vigor,regression,transfer_clean_to_raw,sobi/keep_top_05/cleaned_sobi_220127_F4_run2_fluorescence,raw,3,2533,635,-0.4192402705878311,0.3999367089868083,0.3506594598686856,1.2945633962065357,1.19131871075201,,,
tail_vigor,regression,transfer_clean_to_raw,sobi/keep_top_05/cleaned_sobi_220127_F4_run2_fluorescence,raw,4,2536,635,-0.7192541429084847,0.32486365815154616,0.2870854675251835,1.2527301900773748,1.311203318676583,,,
tail_vigor,regression,transfer_raw_to_clean,raw,sobi/keep_top_06/cleaned_sobi_220127_F4_run2_fluorescence,0,2536,635,-2.3145656233338214,0.27071363317794256,0.25762779766048294,1.886673721524928,1.820594854253362,,,
tail_vigor,regression,transfer_raw_to_clean,raw,sobi/keep_top_06/cleaned_sobi_220127_F4_run2_fluorescence,1,2533,635,-1.7325924394113268,0.34599813241639804,0.32171279714731993,1.8483817709117618,1.653055485884042,,,
tail_vigor,regression,transfer_raw_to_clean,raw,sobi/keep_top_06/cleaned_sobi_220127_F4_run2_fluorescence,2,2534,634,-0.8979399832019674,0.3412729317053137,0.3215077262373429,1.3650135424367125,1.3776574259234289,,,
tail_vigor,regression,transfer_raw_to_clean,raw,sobi/keep_top_06/cleaned_sobi_220127_F4_run2_fluorescence,3,2533,635,-0.6887873475197284,0.3529437017545595,0.29471983539526625,1.4121565463147787,1.299533511503158,,,
tail_vigor,regression,transfer_raw_to_clean,raw,sobi/keep_top_06/cleaned_sobi_220127_F4_run2_fluorescence,4,2536,635,-0.9400739146566173,0.2351480205822009,0.24634767496744958,1.3307505128578774,1.39286536128106,,,
tail_vigor,regression,transfer_clean_to_raw,sobi/keep_top_06/cleaned_sobi_220127_F4_run2_fluorescence,raw,0,2536,635,-2.9684373805974977,0.3871781113426304,0.3285079719101244,2.064397171866402,1.9920937178249165,,,
tail_vigor,regression,transfer_clean_to_raw,sobi/keep_top_06/cleaned_sobi_220127_F4_run2_fluorescence,raw,1,2533,635,-1.7767661674767985,0.29478124197081734,0.3010413385429749,1.8632618853157636,1.6663631559407448,,,
tail_vigor,regression,transfer_clean_to_raw,sobi/keep_top_06/cleaned_sobi_220127_F4_run2_fluorescence,raw,2,2534,634,-0.4953695841273229,0.405238157545523,0.34996883055007355,1.2116299331726044,1.222853050913037,,,
tail_vigor,regression,transfer_clean_to_raw,sobi/keep_top_06/cleaned_sobi_220127_F4_run2_fluorescence,raw,3,2533,635,-0.46447071412358865,0.41053272768477106,0.36151432592196403,1.3150301374847513,1.2101531779587198,,,
tail_vigor,regression,transfer_clean_to_raw,sobi/keep_top_06/cleaned_sobi_220127_F4_run2_fluorescence,raw,4,2536,635,-0.7862281269716276,0.3208758768848026,0.28376293964683075,1.2768972918903123,1.336498457526842,,,
tail_vigor,regression,null_within,raw,raw,0,2536,635,-4.3372081505707225,-0.04680134152719964,-0.016775309643274162,2.575077860309896,2.310239846979253,,,
tail_vigor,regression,null_within,raw,raw,1,2533,635,-4.289745491232816,-0.025080071807256736,-0.03681311857761728,2.563704568420432,2.2999446713416427,,,
tail_vigor,regression,null_within,raw,raw,2,2534,634,-5.812001605100398,0.11682149772044173,0.08468856031698561,2.5339715436708703,2.609981150334308,,,
tail_vigor,regression,null_within,raw,raw,3,2533,635,-6.1886301348810555,-0.029647263667838045,0.005469271070041974,2.7895491554395044,2.681162086648447,,,
tail_vigor,regression,null_within,raw,raw,4,2536,635,-10.147698902032326,-0.020146863532676373,-0.0003926273373881888,3.1406100565629633,3.338816991395654,,,
tail_vigor,regression,null_within,fastica/keep_top_01/cleaned_fastica_220127_F4_run2_fluorescence,fastica/keep_top_01/cleaned_fastica_220127_F4_run2_fluorescence,0,2536,635,-0.5714799955567502,0.0321349406134319,0.023100785978696393,1.3972937713945457,1.2535868520197355,,,
tail_vigor,regression,null_within,fastica/keep_top_01/cleaned_fastica_220127_F4_run2_fluorescence,fastica/keep_top_01/cleaned_fastica_220127_F4_run2_fluorescence,1,2533,635,-0.8970121133897866,0.04695834092423076,0.032152805308575845,1.5352731007761315,1.3773206283904218,,,
tail_vigor,regression,null_within,fastica/keep_top_01/cleaned_fastica_220127_F4_run2_fluorescence,fastica/keep_top_01/cleaned_fastica_220127_F4_run2_fluorescence,2,2534,634,-0.38775257183719347,0.10213162364010284,0.08697849808891679,1.1437217578695378,1.1780291048345086,,,
tail_vigor,regression,null_within,fastica/keep_top_01/cleaned_fastica_220127_F4_run2_fluorescence,fastica/keep_top_01/cleaned_fastica_220127_F4_run2_fluorescence,3,2533,635,-0.41275690452472813,-0.04092921942425324,-0.06606533295275727,1.2366439248685734,1.1885945080323768,,,
tail_vigor,regression,null_within,fastica/keep_top_01/cleaned_fastica_220127_F4_run2_fluorescence,fastica/keep_top_01/cleaned_fastica_220127_F4_run2_fluorescence,4,2536,635,-0.17536369765578885,0.032500739326024,0.06048005630044097,1.0197824613208764,1.0841419176730456,,,
tail_vigor,regression,null_within,fastica/keep_top_02/cleaned_fastica_220127_F4_run2_fluorescence,fastica/keep_top_02/cleaned_fastica_220127_F4_run2_fluorescence,0,2536,635,-0.5295639051690495,0.02904881268539749,0.01439382436729416,1.3785328127195324,1.2367553942348706,,,
tail_vigor,regression,null_within,fastica/keep_top_02/cleaned_fastica_220127_F4_run2_fluorescence,fastica/keep_top_02/cleaned_fastica_220127_F4_run2_fluorescence,1,2533,635,-0.9749091520309823,0.040190233935768774,0.013964767466442997,1.5664774590716424,1.4053146096269626,,,
tail_vigor,regression,null_within,fastica/keep_top_02/cleaned_fastica_220127_F4_run2_fluorescence,fastica/keep_top_02/cleaned_fastica_220127_F4_run2_fluorescence,2,2534,634,-0.5972205953046963,0.10900490150492237,0.08558529645859163,1.2270063588996347,1.2638119303538389,,,
tail_vigor,regression,null_within,fastica/keep_top_02/cleaned_fastica_220127_F4_run2_fluorescence,fastica/keep_top_02/cleaned_fastica_220127_F4_run2_fluorescence,3,2533,635,-0.4964217884164359,-0.01160500422142068,-0.04284835890830178,1.2727349217612383,1.2232832004145384,,,
tail_vigor,regression,null_within,fastica/keep_top_02/cleaned_fastica_220127_F4_run2_fluorescence,fastica/keep_top_02/cleaned_fastica_220127_F4_run2_fluorescence,4,2536,635,-0.34335472962773794,-0.026577001775804167,-0.01754721743424135,1.0902265557854034,1.1590318069957088,,,
tail_vigor,regression,null_within,fastica/keep_top_03/cleaned_fastica_220127_F4_run2_fluorescence,fastica/keep_top_03/cleaned_fastica_220127_F4_run2_fluorescence,0,2536,635,-0.9798870444661827,0.034086146559526534,0.03129337072713439,1.5683879667262153,1.407084590373366,,,
tail_vigor,regression,null_within,fastica/keep_top_03/cleaned_fastica_220127_F4_run2_fluorescence,fastica/keep_top_03/cleaned_fastica_220127_F4_run2_fluorescence,1,2533,635,-0.8706430360630928,0.04047783225736728,-0.01085534269924372,1.5245653658571685,1.3677145301791207,,,
tail_vigor,regression,null_within,fastica/keep_top_03/cleaned_fastica_220127_F4_run2_fluorescence,fastica/keep_top_03/cleaned_fastica_220127_F4_run2_fluorescence,2,2534,634,-1.5635857135077584,0.09939887433398965,0.0767196323915186,1.5544912578315648,1.6011201433708084,,,
tail_vigor,regression,null_within,fastica/keep_top_03/cleaned_fastica_220127_F4_run2_fluorescence,fastica/keep_top_03/cleaned_fastica_220127_F4_run2_fluorescence,3,2533,635,-1.1167675754647237,0.021631185996621134,-0.005541951264125978,1.5137269263447803,1.4549115352710362,,,
tail_vigor,regression,null_within,fastica/keep_top_03/cleaned_fastica_220127_F4_run2_fluorescence,fastica/keep_top_03/cleaned_fastica_220127_F4_run2_fluorescence,4,2536,635,-0.6147687742363723,0.02655220844877947,0.040193080731032636,1.1952990472402298,1.27073552489744,,,
tail_vigor,regression,null_within,fastica/keep_top_04/cleaned_fastica_220127_F4_run2_fluorescence,fastica/keep_top_04/cleaned_fastica_220127_F4_run2_fluorescence,0,2536,635,-1.5451231838924375,-0.03907313132436347,-0.028437948228110722,1.778229039195396,1.5953442211298596,,,
tail_vigor,regression,null_within,fastica/keep_top_04/cleaned_fastica_220127_F4_run2_fluorescence,fastica/keep_top_04/cleaned_fastica_220127_F4_run2_fluorescence,1,2533,635,-1.5887174547021083,0.05378333696468967,0.034089345681423855,1.7934650373348986,1.6089491771656765,,,
tail_vigor,regression,null_within,fastica/keep_top_04/cleaned_fastica_220127_F4_run2_fluorescence,fastica/keep_top_04/cleaned_fastica_220127_F4_run2_fluorescence,2,2534,634,-1.9572496066653633,0.10046738370526413,0.07691583912185812,1.6695843070905718,1.7196655508166008,,,
tail_vigor,regression,null_within,fastica/keep_top_04/cleaned_fastica_220127_F4_run2_fluorescence,fastica/keep_top_04/cleaned_fastica_220127_F4_run2_fluorescence,3,2533,635,-1.6171307220826083,0.023417681476828347,0.011968169988157744,1.6831532378732386,1.617754839919389,,,
tail_vigor,regression,null_within,fastica/keep_top_04/cleaned_fastica_220127_F4_run2_fluorescence,fastica/keep_top_04/cleaned_fastica_220127_F4_run2_fluorescence,4,2536,635,-1.3603404228143727,0.012937574290646238,0.026992557586414348,1.4451360137823848,1.536339943767125,,,
tail_vigor,regression,null_within,fastica/keep_top_05/cleaned_fastica_220127_F4_run2_fluorescence,fastica/keep_top_05/cleaned_fastica_220127_F4_run2_fluorescence,0,2536,635,-3.7756554649466487,-0.0697788168221904,-0.0556523414015364,2.4358457796477566,2.185327313000652,,,
tail_vigor,regression,null_within,fastica/keep_top_05/cleaned_fastica_220127_F4_run2_fluorescence,fastica/keep_top_05/cleaned_fastica_220127_F4_run2_fluorescence,1,2533,635,-3.00623599741189,0.016646801729079303,-0.020984781118870262,2.2310990599032445,2.0015583922064053,,,
tail_vigor,regression,null_within,fastica/keep_top_05/cleaned_fastica_220127_F4_run2_fluorescence,fastica/keep_top_05/cleaned_fastica_220127_F4_run2_fluorescence,2,2534,634,-4.5393508312792346,0.06762038199315669,0.05132888030382939,2.28503995627282,2.353582552467458,,,
tail_vigor,regression,null_within,fastica/keep_top_05/cleaned_fastica_220127_F4_run2_fluorescence,fastica/keep_top_05/cleaned_fastica_220127_F4_run2_fluorescence,3,2533,635,-3.1264472758414437,-0.018946530647419343,-0.02185803722726553,2.1134846565926333,2.0313658645949144,,,
tail_vigor,regression,null_within,fastica/keep_top_05/cleaned_fastica_220127_F4_run2_fluorescence,fastica/keep_top_05/cleaned_fastica_220127_F4_run2_fluorescence,4,2536,635,-2.4290755272462916,0.03338420859390539,0.044489426830488836,1.7418466893670022,1.8517763167419254,,,
tail_vigor,regression,null_within,fastica/keep_top_06/cleaned_fastica_220127_F4_run2_fluorescence,fastica/keep_top_06/cleaned_fastica_220127_F4_run2_fluorescence,0,2536,635,-4.757991351953771,-0.029153125940185824,-0.02578989405986956,2.67466133020625,2.3995814951682246,,,
tail_vigor,regression,null_within,fastica/keep_top_06/cleaned_fastica_220127_F4_run2_fluorescence,fastica/keep_top_06/cleaned_fastica_220127_F4_run2_fluorescence,1,2533,635,-4.217588933486465,0.031970357411901414,0.0015134290741797242,2.546158990390089,2.284204223244162,,,
tail_vigor,regression,null_within,fastica/keep_top_06/cleaned_fastica_220127_F4_run2_fluorescence,fastica/keep_top_06/cleaned_fastica_220127_F4_run2_fluorescence,2,2534,634,-4.458437874076297,0.14526348415904478,0.10876071692118167,2.2682898451865636,2.3363300011077834,,,
tail_vigor,regression,null_within,fastica/keep_top_06/cleaned_fastica_220127_F4_run2_fluorescence,fastica/keep_top_06/cleaned_fastica_220127_F4_run2_fluorescence,3,2533,635,-4.992257143051822,-0.02972422192456424,0.00467023361339581,2.5468664353328103,2.4479087284970045,,,
tail_vigor,regression,null_within,fastica/keep_top_06/cleaned_fastica_220127_F4_run2_fluorescence,fastica/keep_top_06/cleaned_fastica_220127_F4_run2_fluorescence,4,2536,635,-8.735212389672883,0.0019328611037568821,-0.0001660727796808276,2.9349054683955775,3.120130187936536,,,
tail_vigor,regression,null_within,infomax/keep_top_01/cleaned_infomax_220127_F4_run2_fluorescence,infomax/keep_top_01/cleaned_infomax_220127_F4_run2_fluorescence,0,2536,635,-0.33732363688118516,0.022963346292822734,-0.007450824492401455,1.2889959565669138,1.1564270996829784,,,
tail_vigor,regression,null_within,infomax/keep_top_01/cleaned_infomax_220127_F4_run2_fluorescence,infomax/keep_top_01/cleaned_infomax_220127_F4_run2_fluorescence,1,2533,635,-0.3654198801104245,-0.00552281783751067,-0.05212598703308226,1.302517897838656,1.1685118228372464,,,
tail_vigor,regression,null_within,infomax/keep_top_01/cleaned_infomax_220127_F4_run2_fluorescence,infomax/keep_top_01/cleaned_infomax_220127_F4_run2_fluorescence,2,2534,634,-0.014739554954023681,0.051827290202602225,0.042344936990018074,0.9780063115374995,1.0073428189817126,,,
tail_vigor,regression,null_within,infomax/keep_top_01/cleaned_infomax_220127_F4_run2_fluorescence,infomax/keep_top_01/cleaned_infomax_220127_F4_run2_fluorescence,3,2533,635,-0.039034004459545635,-0.0326227687382114,-0.029783266426018293,1.0605370116543453,1.0193301744084424,,,
tail_vigor,regression,null_within,infomax/keep_top_01/cleaned_infomax_220127_F4_run2_fluorescence,infomax/keep_top_01/cleaned_infomax_220127_F4_run2_fluorescence,4,2536,635,-0.031785131065935834,0.018235086107791447,0.04471954782081671,0.9554677537104563,1.015768246730491,,,
tail_vigor,regression,null_within,infomax/keep_top_02/cleaned_infomax_220127_F4_run2_fluorescence,infomax/keep_top_02/cleaned_infomax_220127_F4_run2_fluorescence,0,2536,635,-0.46142289815483317,0.016529693511748943,-0.019377421309200504,1.3474766511451386,1.2088932534160464,,,
tail_vigor,regression,null_within,infomax/keep_top_02/cleaned_infomax_220127_F4_run2_fluorescence,infomax/keep_top_02/cleaned_infomax_220127_F4_run2_fluorescence,1,2533,635,-0.3868259558673166,-0.010818798597427202,-0.05624676763529777,1.312688164059651,1.1776357483820354,,,
tail_vigor,regression,null_within,infomax/keep_top_02/cleaned_infomax_220127_F4_run2_fluorescence,infomax/keep_top_02/cleaned_infomax_220127_F4_run2_fluorescence,2,2534,634,-0.007101488410106382,0.07300688306474698,0.05833181973744169,0.9743185734137659,1.0035444625975007,,,
tail_vigor,regression,null_within,infomax/keep_top_02/cleaned_infomax_220127_F4_run2_fluorescence,infomax/keep_top_02/cleaned_infomax_220127_F4_run2_fluorescence,3,2533,635,-0.07499978687806874,-0.10560987752609405,-0.05952196620685387,1.078735914886472,1.0368219648898593,,,
tail_vigor,regression,null_within,infomax/keep_top_02/cleaned_infomax_220127_F4_run2_fluorescence,infomax/keep_top_02/cleaned_infomax_220127_F4_run2_fluorescence,4,2536,635,-0.04353414626046859,-0.00937443845128814,0.008900782785150848,0.9608923465891985,1.0215351909065438,,,
tail_vigor,regression,null_within,infomax/keep_top_03/cleaned_infomax_220127_F4_run2_fluorescence,infomax/keep_top_03/cleaned_infomax_220127_F4_run2_fluorescence,0,2536,635,-0.5020098716646444,-0.031861866941148176,-0.039428828085507406,1.3660597274047135,1.2255651233878373,,,
tail_vigor,regression,null_within,infomax/keep_top_03/cleaned_infomax_220127_F4_run2_fluorescence,infomax/keep_top_03/cleaned_infomax_220127_F4_run2_fluorescence,1,2533,635,-0.43332031132773174,-0.0005354868657910846,-0.037090873657631855,1.3345111796337452,1.1972135612862609,,,
tail_vigor,regression,null_within,infomax/keep_top_03/cleaned_infomax_220127_F4_run2_fluorescence,infomax/keep_top_03/cleaned_infomax_220127_F4_run2_fluorescence,2,2534,634,-0.05635347088554887,0.057930184979975534,0.0066095097430262555,0.9978585766872523,1.027790577348104,,,
tail_vigor,regression,null_within,infomax/keep_top_03/cleaned_infomax_220127_F4_run2_fluorescence,infomax/keep_top_03/cleaned_infomax_220127_F4_run2_fluorescence,3,2533,635,-0.21835708676534682,-0.09631194232004997,-0.09252398693858219,1.1484133858520043,1.1037921392931491,,,
tail_vigor,regression,null_within,infomax/keep_top_03/cleaned_infomax_220127_F4_run2_fluorescence,infomax/keep_top_03/cleaned_infomax_220127_F4_run2_fluorescence,4,2536,635,-0.26393183154893185,-0.050532214903507996,-0.0457593228042627,1.0575069439413536,1.1242472288375596,,,
tail_vigor,regression,null_within,infomax/keep_top_04/cleaned_infomax_220127_F4_run2_fluorescence,infomax/keep_top_04/cleaned_infomax_220127_F4_run2_fluorescence,0,2536,635,-1.142839442734287,-0.014218995811020221,0.009583657172287633,1.6316541523707186,1.4638440636674002,,,
tail_vigor,regression,null_within,infomax/keep_top_04/cleaned_infomax_220127_F4_run2_fluorescence,infomax/keep_top_04/cleaned_infomax_220127_F4_run2_fluorescence,1,2533,635,-0.5722116248602578,0.05215693905824161,-0.003934603836902342,1.3976746563759772,1.2538786324282976,,,
tail_vigor,regression,null_within,infomax/keep_top_04/cleaned_infomax_220127_F4_run2_fluorescence,infomax/keep_top_04/cleaned_infomax_220127_F4_run2_fluorescence,2,2534,634,-0.807446877920001,0.06055211820220874,0.022125035316262583,1.3052603140108356,1.344413209515587,,,
tail_vigor,regression,null_within,infomax/keep_top_04/cleaned_infomax_220127_F4_run2_fluorescence,infomax/keep_top_04/cleaned_infomax_220127_F4_run2_fluorescence,3,2533,635,-0.7839957706160712,-0.05583293191003916,-0.08230804700004724,1.3896577676374193,1.335663045313477,,,
tail_vigor,regression,null_within,infomax/keep_top_04/cleaned_infomax_220127_F4_run2_fluorescence,infomax/keep_top_04/cleaned_infomax_220127_F4_run2_fluorescence,4,2536,635,-1.3569219119888372,-0.06296467772779422,-0.07274068917107475,1.444089130227057,1.5352269903792197,,,
tail_vigor,regression,null_within,infomax/keep_top_05/cleaned_infomax_220127_F4_run2_fluorescence,infomax/keep_top_05/cleaned_infomax_220127_F4_run2_fluorescence,0,2536,635,-2.5333856745964423,-0.010131807118068934,0.01928883802200743,2.095216071101451,1.8797302132477531,,,
tail_vigor,regression,null_within,infomax/keep_top_05/cleaned_infomax_220127_F4_run2_fluorescence,infomax/keep_top_05/cleaned_infomax_220127_F4_run2_fluorescence,1,2533,635,-1.9123339092516236,0.017095763957503965,-0.036684470530209616,1.9022656782429188,1.7065561547314003,,,
tail_vigor,regression,null_within,infomax/keep_top_05/cleaned_infomax_220127_F4_run2_fluorescence,infomax/keep_top_05/cleaned_infomax_220127_F4_run2_fluorescence,2,2534,634,-1.5894431771647186,0.10037810164886772,0.08916153343184917,1.5623112328564541,1.609174688206572,,,
tail_vigor,regression,null_within,infomax/keep_top_05/cleaned_infomax_220127_F4_run2_fluorescence,infomax/keep_top_05/cleaned_infomax_220127_F4_run2_fluorescence,3,2533,635,-1.4266357249220358,-0.006472076042949426,0.007745653287537052,1.6207395965690814,1.5577662613248613,,,
tail_vigor,regression,null_within,infomax/keep_top_05/cleaned_infomax_220127_F4_run2_fluorescence,infomax/keep_top_05/cleaned_infomax_220127_F4_run2_fluorescence,4,2536,635,-1.8046279381145136,-0.028296459744299347,-0.023118452513140136,1.575284609538498,1.6747023431387782,,,
tail_vigor,regression,null_within,infomax/keep_top_06/cleaned_infomax_220127_F4_run2_fluorescence,infomax/keep_top_06/cleaned_infomax_220127_F4_run2_fluorescence,0,2536,635,-4.736589405247833,0.028729678924303715,0.02344280807253085,2.669685962357679,2.3951178270072297,,,
tail_vigor,regression,null_within,infomax/keep_top_06/cleaned_infomax_220127_F4_run2_fluorescence,infomax/keep_top_06/cleaned_infomax_220127_F4_run2_fluorescence,1,2533,635,-2.449236529393579,0.003453390874780873,-0.01942181207338664,2.070198917664208,1.857212031350642,,,
tail_vigor,regression,null_within,infomax/keep_top_06/cleaned_infomax_220127_F4_run2_fluorescence,infomax/keep_top_06/cleaned_infomax_220127_F4_run2_fluorescence,2,2534,634,-3.058267450028497,0.12585888852708332,0.1149734756368526,1.9558461749567733,2.0145141970282805,,,
tail_vigor,regression,null_within,infomax/keep_top_06/cleaned_infomax_220127_F4_run2_fluorescence,infomax/keep_top_06/cleaned_infomax_220127_F4_run2_fluorescence,3,2533,635,-2.4810435811701192,0.013621090887232895,0.0199085182483583,1.9411794243074654,1.8657554987645406,,,
tail_vigor,regression,null_within,infomax/keep_top_06/cleaned_infomax_220127_F4_run2_fluorescence,infomax/keep_top_06/cleaned_infomax_220127_F4_run2_fluorescence,4,2536,635,-3.314472396402662,-0.00497734223010485,-0.010264512830974824,1.9538231425606802,2.0771308086884326,,,
tail_vigor,regression,null_within,jade/keep_top_01/cleaned_jade_220127_F4_run2_fluorescence,jade/keep_top_01/cleaned_jade_220127_F4_run2_fluorescence,0,2536,635,-0.2376640653269304,0.076795064295574,0.11058915712356701,1.2400371192211943,1.1125035125009406,,,
tail_vigor,regression,null_within,jade/keep_top_01/cleaned_jade_220127_F4_run2_fluorescence,jade/keep_top_01/cleaned_jade_220127_F4_run2_fluorescence,1,2533,635,-0.1908496007253273,-0.004747783431871914,-0.04259809149018318,1.2164073802279516,1.0912605558368391,,,
tail_vigor,regression,null_within,jade/keep_top_01/cleaned_jade_220127_F4_run2_fluorescence,jade/keep_top_01/cleaned_jade_220127_F4_run2_fluorescence,2,2534,634,-0.015026500634469642,0.1260118074456073,0.10260573459363874,0.9781445809331656,1.0074852359387056,,,
tail_vigor,regression,null_within,jade/keep_top_01/cleaned_jade_220127_F4_run2_fluorescence,jade/keep_top_01/cleaned_jade_220127_F4_run2_fluorescence,3,2533,635,-0.16762704835804265,-0.07090303350546352,-0.07821283180864302,1.124250327006399,1.0805679286181145,,,
tail_vigor,regression,null_within,jade/keep_top_01/cleaned_jade_220127_F4_run2_fluorescence,jade/keep_top_01/cleaned_jade_220127_F4_run2_fluorescence,4,2536,635,-0.07854027099257643,0.07654121558021386,0.09309404957939872,0.9768763259275174,1.0385279346231262,,,
tail_vigor,regression,null_within,jade/keep_top_02/cleaned_jade_220127_F4_run2_fluorescence,jade/keep_top_02/cleaned_jade_220127_F4_run2_fluorescence,0,2536,635,-0.5485749711822634,0.05330341985110404,0.05543422329305348,1.3870733016180385,1.2444175228524643,,,
tail_vigor,regression,null_within,jade/keep_top_02/cleaned_jade_220127_F4_run2_fluorescence,jade/keep_top_02/cleaned_jade_220127_F4_run2_fluorescence,1,2533,635,-0.24548811752325195,0.010419991468228078,0.006697882059278125,1.2440000076437387,1.116014389478582,,,
tail_vigor,regression,null_within,jade/keep_top_02/cleaned_jade_220127_F4_run2_fluorescence,jade/keep_top_02/cleaned_jade_220127_F4_run2_fluorescence,2,2534,634,-0.08093133435836974,0.10830338725549561,0.11213759932999746,1.0094002684698524,1.0396784764331568,,,
tail_vigor,regression,null_within,jade/keep_top_02/cleaned_jade_220127_F4_run2_fluorescence,jade/keep_top_02/cleaned_jade_220127_F4_run2_fluorescence,3,2533,635,-0.2622925107818692,-0.06854328616991198,-0.08386153056380807,1.1689365865979138,1.123517917428053,,,
tail_vigor,regression,null_within,jade/keep_top_02/cleaned_jade_220127_F4_run2_fluorescence,jade/keep_top_02/cleaned_jade_220127_F4_run2_fluorescence,4,2536,635,-0.15407786464020345,0.008812761058611123,0.010301111808487425,1.0105061422558128,1.074280161149876,,,
tail_vigor,regression,null_within,jade/keep_top_03/cleaned_jade_220127_F4_run2_fluorescence,jade/keep_top_03/cleaned_jade_220127_F4_run2_fluorescence,0,2536,635,-0.6684820701476175,0.05512746542067659,0.036062535198626525,1.4397731381101233,1.2916973601225707,,,
tail_vigor,regression,null_within,jade/keep_top_03/cleaned_jade_220127_F4_run2_fluorescence,jade/keep_top_03/cleaned_jade_220127_F4_run2_fluorescence,1,2533,635,-0.3632197033491187,0.025422148829438874,-0.0016915683810217613,1.301468065099956,1.1675699993358508,,,
tail_vigor,regression,null_within,jade/keep_top_03/cleaned_jade_220127_F4_run2_fluorescence,jade/keep_top_03/cleaned_jade_220127_F4_run2_fluorescence,2,2534,634,-0.25444565740200664,0.07939783609390169,0.07830916468265972,1.0874024042027568,1.1200203825832842,,,
tail_vigor,regression,null_within,jade/keep_top_03/cleaned_jade_220127_F4_run2_fluorescence,jade/keep_top_03/cleaned_jade_220127_F4_run2_fluorescence,3,2533,635,-0.3197115014121015,-0.043992228807586284,-0.04122575257667994,1.195227150440245,1.1487869695518407,,,
tail_vigor,regression,null_within,jade/keep_top_03/cleaned_jade_220127_F4_run2_fluorescence,jade/keep_top_03/cleaned_jade_220127_F4_run2_fluorescence,4,2536,635,-0.24838984454882174,0.02642166921810706,0.019294744822206864,1.0509849949105659,1.117313673302543,,,
tail_vigor,regression,null_within,jade/keep_top_04/cleaned_jade_220127_F4_run2_fluorescence,jade/keep_top_04/cleaned_jade_220127_F4_run2_fluorescence,0,2536,635,-0.6862461313592221,0.04583401729773514,0.04250723168768798,1.4474173622059687,1.2985554017288683,,,
tail_vigor,regression,null_within,jade/keep_top_04/cleaned_jade_220127_F4_run2_fluorescence,jade/keep_top_04/cleaned_jade_220127_F4_run2_fluorescence,1,2533,635,-0.5454111720784289,0.02451225903580343,0.004229602918727712,1.3857108341850248,1.2431456761290804,,,
tail_vigor,regression,null_within,jade/keep_top_04/cleaned_jade_220127_F4_run2_fluorescence,jade/keep_top_04/cleaned_jade_220127_F4_run2_fluorescence,2,2534,634,-0.39145368295480476,0.06439177454916171,0.053540791447778145,1.145245885006985,1.1795989500481954,,,
tail_vigor,regression,null_within,jade/keep_top_04/cleaned_jade_220127_F4_run2_fluorescence,jade/keep_top_04/cleaned_jade_220127_F4_run2_fluorescence,3,2533,635,-0.43609676428384025,-0.044089713590528636,-0.04744677697982056,1.2468172462923284,1.1983725482018688,,,
tail_vigor,regression,null_within,jade/keep_top_04/cleaned_jade_220127_F4_run2_fluorescence,jade/keep_top_04/cleaned_jade_220127_F4_run2_fluorescence,4,2536,635,-0.48313696561664154,0.0371365767726116,0.03507001095405394,1.1455446772285645,1.2178411085263305,,,
tail_vigor,regression,null_within,jade/keep_top_05/cleaned_jade_220127_F4_run2_fluorescence,jade/keep_top_05/cleaned_jade_220127_F4_run2_fluorescence,0,2536,635,-1.0496789055417772,0.0768860460012923,0.06187566925409601,1.59579173137546,1.4316699708877663,,,
tail_vigor,regression,null_within,jade/keep_top_05/cleaned_jade_220127_F4_run2_fluorescence,jade/keep_top_05/cleaned_jade_220127_F4_run2_fluorescence,1,2533,635,-0.6572086074154375,0.04296390554508886,0.016382922093255252,1.4349579639483319,1.2873261464817056,,,
tail_vigor,regression,null_within,jade/keep_top_05/cleaned_jade_220127_F4_run2_fluorescence,jade/keep_top_05/cleaned_jade_220127_F4_run2_fluorescence,2,2534,634,-0.4626986157958861,0.06995741417652004,0.06174518727852882,1.1741992208657546,1.2094207769820586,,,
tail_vigor,regression,null_within,jade/keep_top_05/cleaned_jade_220127_F4_run2_fluorescence,jade/keep_top_05/cleaned_jade_220127_F4_run2_fluorescence,3,2533,635,-0.666975220054608,0.0325684461939191,0.005492344931793999,1.343307752244487,1.2911139454186868,,,
tail_vigor,regression,null_within,jade/keep_top_05/cleaned_jade_220127_F4_run2_fluorescence,jade/keep_top_05/cleaned_jade_220127_F4_run2_fluorescence,4,2536,635,-1.3988810736891977,-0.040873920516539264,-0.038443856213061504,1.4568866410439647,1.5488321644675376,,,
tail_vigor,regression,null_within,jade/keep_top_06/cleaned_jade_220127_F4_run2_fluorescence,jade/keep_top_06/cleaned_jade_220127_F4_run2_fluorescence,0,2536,635,-1.1518713710781738,0.03166165775208061,0.04871100518271638,1.6350891944176238,1.466925823304701,,,
tail_vigor,regression,null_within,jade/keep_top_06/cleaned_jade_220127_F4_run2_fluorescence,jade/keep_top_06/cleaned_jade_220127_F4_run2_fluorescence,1,2533,635,-0.8407235953047951,0.039326009466656896,0.006587354827332656,1.5123241188508383,1.3567326911756772,,,
tail_vigor,regression,null_within,jade/keep_top_06/cleaned_jade_220127_F4_run2_fluorescence,jade/keep_top_06/cleaned_jade_220127_F4_run2_fluorescence,2,2534,634,-0.7477437749109681,0.08848655819578527,0.05384315702425765,1.2835217860589798,1.322022607564246,,,
tail_vigor,regression,null_within,jade/keep_top_06/cleaned_jade_220127_F4_run2_fluorescence,jade/keep_top_06/cleaned_jade_220127_F4_run2_fluorescence,3,2533,635,-1.14129795246627,-0.007981067897224487,-0.02601812603854214,1.522472651107071,1.4633174476053616,,,
tail_vigor,regression,null_within,jade/keep_top_06/cleaned_jade_220127_F4_run2_fluorescence,jade/keep_top_06/cleaned_jade_220127_F4_run2_fluorescence,4,2536,635,-1.9233315914248261,-0.0005247677519166137,-0.013780548069149287,1.6082754847593,1.7097753043674555,,,
tail_vigor,regression,null_within,sobi/keep_top_01/cleaned_sobi_220127_F4_run2_fluorescence,sobi/keep_top_01/cleaned_sobi_220127_F4_run2_fluorescence,0,2536,635,-0.7340425656186214,0.07942114802727057,0.04565223272219344,1.467787455339531,1.3168304999576148,,,
tail_vigor,regression,null_within,sobi/keep_top_01/cleaned_sobi_220127_F4_run2_fluorescence,sobi/keep_top_01/cleaned_sobi_220127_F4_run2_fluorescence,1,2533,635,-0.4305567833507875,0.03124754948014625,-0.006174278173785903,1.333224049911625,1.196058854467784,,,
tail_vigor,regression,null_within,sobi/keep_top_01/cleaned_sobi_220127_F4_run2_fluorescence,sobi/keep_top_01/cleaned_sobi_220127_F4_run2_fluorescence,2,2534,634,-0.11024926633074239,0.0574281553445947,0.08236486388326536,1.0229975888260359,1.0536836652101722,,,
tail_vigor,regression,null_within,sobi/keep_top_01/cleaned_sobi_220127_F4_run2_fluorescence,sobi/keep_top_01/cleaned_sobi_220127_F4_run2_fluorescence,3,2533,635,-0.4295782749552952,-0.03903683527346567,-0.0689145596095521,1.2439843562322936,1.195649729208055,,,
tail_vigor,regression,null_within,sobi/keep_top_01/cleaned_sobi_220127_F4_run2_fluorescence,sobi/keep_top_01/cleaned_sobi_220127_F4_run2_fluorescence,4,2536,635,-0.34643072990428725,0.09618930148584824,0.07382886925381159,1.0914740370291542,1.1603580179859523,,,
tail_vigor,regression,null_within,sobi/keep_top_02/cleaned_sobi_220127_F4_run2_fluorescence,sobi/keep_top_02/cleaned_sobi_220127_F4_run2_fluorescence,0,2536,635,-1.017384665684899,0.07096540277500314,0.05914102818594899,1.5831703669712665,1.4203466709521657,,,
tail_vigor,regression,null_within,sobi/keep_top_02/cleaned_sobi_220127_F4_run2_fluorescence,sobi/keep_top_02/cleaned_sobi_220127_F4_run2_fluorescence,1,2533,635,-0.49721263262224435,0.03308642213271119,-0.010096850178916305,1.3639307796042481,1.22360640429112,,,
tail_vigor,regression,null_within,sobi/keep_top_02/cleaned_sobi_220127_F4_run2_fluorescence,sobi/keep_top_02/cleaned_sobi_220127_F4_run2_fluorescence,2,2534,634,-0.33171838502348416,0.09515659931898698,0.08169261540672818,1.120393447882447,1.1540010333719306,,,
tail_vigor,regression,null_within,sobi/keep_top_02/cleaned_sobi_220127_F4_run2_fluorescence,sobi/keep_top_02/cleaned_sobi_220127_F4_run2_fluorescence,3,2533,635,-0.4132075001425155,-0.01484267350593687,-0.022370701872959357,1.2368411215366943,1.1887840426850098,,,
tail_vigor,regression,null_within,sobi/keep_top_02/cleaned_sobi_220127_F4_run2_fluorescence,sobi/keep_top_02/cleaned_sobi_220127_F4_run2_fluorescence,4,2536,635,-2.040972255285873,0.018166950928536835,0.008922279765222092,1.6403164147945328,1.7438383684521548,,,
tail_vigor,regression,null_within,sobi/keep_top_03/cleaned_sobi_220127_F4_run2_fluorescence,sobi/keep_top_03/cleaned_sobi_220127_F4_run2_fluorescence,0,2536,635,-1.5147256506471964,0.06671770817241457,0.04910882374175768,1.7675780528698515,1.5857886525786458,,,
tail_vigor,regression,null_within,sobi/keep_top_03/cleaned_sobi_220127_F4_run2_fluorescence,sobi/keep_top_03/cleaned_sobi_220127_F4_run2_fluorescence,1,2533,635,-0.6191990496948865,0.044604448578428595,0.004754570736566551,1.4184064872318574,1.2724775242395783,,,
tail_vigor,regression,null_within,sobi/keep_top_03/cleaned_sobi_220127_F4_run2_fluorescence,sobi/keep_top_03/cleaned_sobi_220127_F4_run2_fluorescence,2,2534,634,-0.5179548150324971,0.09024446117319034,0.08432445257713121,1.1961724200046384,1.2320530893725712,,,
tail_vigor,regression,null_within,sobi/keep_top_03/cleaned_sobi_220127_F4_run2_fluorescence,sobi/keep_top_03/cleaned_sobi_220127_F4_run2_fluorescence,3,2533,635,-0.4744068709752145,-0.004653395558162439,-0.024646787638269184,1.2633381821802987,1.2142515682407886,,,
tail_vigor,regression,null_within,sobi/keep_top_03/cleaned_sobi_220127_F4_run2_fluorescence,sobi/keep_top_03/cleaned_sobi_220127_F4_run2_fluorescence,4,2536,635,-2.6820101529359364,0.000596712704990981,-0.027756856395034314,1.8049446683367365,1.9188564701237916,,,
tail_vigor,regression,null_within,sobi/keep_top_04/cleaned_sobi_220127_F4_run2_fluorescence,sobi/keep_top_04/cleaned_sobi_220127_F4_run2_fluorescence,0,2536,635,-1.6119763037022419,0.07181898999914306,0.058010996197257456,1.8014321569730016,1.6161609770385628,,,
tail_vigor,regression,null_within,sobi/keep_top_04/cleaned_sobi_220127_F4_run2_fluorescence,sobi/keep_top_04/cleaned_sobi_220127_F4_run2_fluorescence,1,2533,635,-0.699353214839636,0.015360282021368894,-0.009482739639852165,1.4530896769927144,1.3035924266578247,,,
tail_vigor,regression,null_within,sobi/keep_top_04/cleaned_sobi_220127_F4_run2_fluorescence,sobi/keep_top_04/cleaned_sobi_220127_F4_run2_fluorescence,2,2534,634,-0.7422318430137402,0.10265835830697664,0.08524195946659278,1.2814962398892438,1.3199363026349948,,,
tail_vigor,regression,null_within,sobi/keep_top_04/cleaned_sobi_220127_F4_run2_fluorescence,sobi/keep_top_04/cleaned_sobi_220127_F4_run2_fluorescence,3,2533,635,-0.712310660351984,-0.03667546820434125,-0.0515197335529822,1.3614516710430087,1.3085528878696435,,,
tail_vigor,regression,null_within,sobi/keep_top_04/cleaned_sobi_220127_F4_run2_fluorescence,sobi/keep_top_04/cleaned_sobi_220127_F4_run2_fluorescence,4,2536,635,-2.3159338472236866,-0.020325626431642162,-0.04413509560061887,1.7128697157753032,1.8209705783520191,,,
tail_vigor,regression,null_within,sobi/keep_top_05/cleaned_sobi_220127_F4_run2_fluorescence,sobi/keep_top_05/cleaned_sobi_220127_F4_run2_fluorescence,0,2536,635,-2.2755172834250263,0.06052017255875296,0.04394644775881013,2.0173127915079427,1.8098390214118567,,,
tail_vigor,regression,null_within,sobi/keep_top_05/cleaned_sobi_220127_F4_run2_fluorescence,sobi/keep_top_05/cleaned_sobi_220127_F4_run2_fluorescence,1,2533,635,-0.8755408260753708,0.010035341699564564,-0.024409858800572247,1.526559899198997,1.369503861285309,,,
tail_vigor,regression,null_within,sobi/keep_top_05/cleaned_sobi_220127_F4_run2_fluorescence,sobi/keep_top_05/cleaned_sobi_220127_F4_run2_fluorescence,2,2534,634,-0.8450565476890406,0.07809514474130022,0.05261522907734633,1.318770437699289,1.3583285860531098,,,
tail_vigor,regression,null_within,sobi/keep_top_05/cleaned_sobi_220127_F4_run2_fluorescence,sobi/keep_top_05/cleaned_sobi_220127_F4_run2_fluorescence,3,2533,635,-1.0017778038180816,-0.013950771497121983,-0.018926940358643913,1.4720375339631053,1.4148419713233282,,,
tail_vigor,regression,null_within,sobi/keep_top_05/cleaned_sobi_220127_F4_run2_fluorescence,sobi/keep_top_05/cleaned_sobi_220127_F4_run2_fluorescence,4,2536,635,-2.799129360133112,-0.027122337049421203,-0.05050073509867217,1.8334262404366377,1.9491355417551421,,,
tail_vigor,regression,null_within,sobi/keep_top_06/cleaned_sobi_220127_F4_run2_fluorescence,sobi/keep_top_06/cleaned_sobi_220127_F4_run2_fluorescence,0,2536,635,-3.02596100246467,0.06867530982544487,0.0542508263364921,2.2364957465182,2.006479753813796,,,
tail_vigor,regression,null_within,sobi/keep_top_06/cleaned_sobi_220127_F4_run2_fluorescence,sobi/keep_top_06/cleaned_sobi_220127_F4_run2_fluorescence,1,2533,635,-1.0040947677943892,0.014129086738027166,-0.03208378058946314,1.578009872117732,1.415660541158928,,,
tail_vigor,regression,null_within,sobi/keep_top_06/cleaned_sobi_220127_F4_run2_fluorescence,sobi/keep_top_06/cleaned_sobi_220127_F4_run2_fluorescence,2,2534,634,-1.1236027953513839,0.06183102877345557,0.02607425345148942,1.4148194019824176,1.457258657669044,,,
tail_vigor,regression,null_within,sobi/keep_top_06/cleaned_sobi_220127_F4_run2_fluorescence,sobi/keep_top_06/cleaned_sobi_220127_F4_run2_fluorescence,3,2533,635,-1.1338912866301416,0.012838199913802906,-0.00857838747590673,1.5198372835590912,1.4607844764475497,,,
tail_vigor,regression,null_within,sobi/keep_top_06/cleaned_sobi_220127_F4_run2_fluorescence,sobi/keep_top_06/cleaned_sobi_220127_F4_run2_fluorescence,4,2536,635,-3.258714988777836,-0.02102286575865186,-0.03635705040049331,1.9411571241231145,2.0636654255905524,,,
bout_state,classification,within,raw,raw,0,2536,635,,,,,,0.6681495809155383,0.6039736279401282,0.7356931012250162
bout_state,classification,within,raw,raw,1,2533,635,,,,,,0.6800540499962465,0.6757519515424295,0.7618797387583515
bout_state,classification,within,raw,raw,2,2534,634,,,,,,0.6603257757929692,0.6120637406295765,0.7715991068361387
bout_state,classification,within,raw,raw,3,2533,635,,,,,,0.6653585962686961,0.6466587862327013,0.7249088314571112
bout_state,classification,within,raw,raw,4,2536,635,,,,,,0.6234206989247312,0.623150454821307,0.6873252688172045
bout_state,classification,within,fastica/keep_top_01/cleaned_fastica_220127_F4_run2_fluorescence,fastica/keep_top_01/cleaned_fastica_220127_F4_run2_fluorescence,0,2536,635,,,,,,0.4808188265635074,0.47783425660114537,0.4705480335267569
bout_state,classification,within,fastica/keep_top_01/cleaned_fastica_220127_F4_run2_fluorescence,fastica/keep_top_01/cleaned_fastica_220127_F4_run2_fluorescence,1,2533,635,,,,,,0.5154017466156194,0.5129690336374593,0.5312038635738058
bout_state,classification,within,fastica/keep_top_01/cleaned_fastica_220127_F4_run2_fluorescence,fastica/keep_top_01/cleaned_fastica_220127_F4_run2_fluorescence,2,2534,634,,,,,,0.4714731478300698,0.4204934815310045,0.44744074201305395
bout_state,classification,within,fastica/keep_top_01/cleaned_fastica_220127_F4_run2_fluorescence,fastica/keep_top_01/cleaned_fastica_220127_F4_run2_fluorescence,3,2533,635,,,,,,0.4850562866656096,0.4850232207109543,0.4876460017969453
bout_state,classification,within,fastica/keep_top_01/cleaned_fastica_220127_F4_run2_fluorescence,fastica/keep_top_01/cleaned_fastica_220127_F4_run2_fluorescence,4,2536,635,,,,,,0.5152217741935483,0.3826633863735566,0.5163440860215054
bout_state,classification,within,fastica/keep_top_02/cleaned_fastica_220127_F4_run2_fluorescence,fastica/keep_top_02/cleaned_fastica_220127_F4_run2_fluorescence,0,2536,635,,,,,,0.4949709864603481,0.4612476863998162,0.5083558994197293
bout_state,classification,within,fastica/keep_top_02/cleaned_fastica_220127_F4_run2_fluorescence,fastica/keep_top_02/cleaned_fastica_220127_F4_run2_fluorescence,1,2533,635,,,,,,0.5020706653654631,0.49675583835066595,0.5506468483347096
bout_state,classification,within,fastica/keep_top_02/cleaned_fastica_220127_F4_run2_fluorescence,fastica/keep_top_02/cleaned_fastica_220127_F4_run2_fluorescence,2,2534,634,,,,,,0.473720371006527,0.43560378221013885,0.4607380052673766
bout_state,classification,within,fastica/keep_top_02/cleaned_fastica_220127_F4_run2_fluorescence,fastica/keep_top_02/cleaned_fastica_220127_F4_run2_fluorescence,3,2533,635,,,,,,0.5217152898895407,0.5193366363886596,0.5320543311664289
bout_state,classification,within,fastica/keep_top_02/cleaned_fastica_220127_F4_run2_fluorescence,fastica/keep_top_02/cleaned_fastica_220127_F4_run2_fluorescence,4,2536,635,,,,,,0.5182795698924731,0.3113959275278086,0.5053091397849463
bout_state,classification,within,fastica/keep_top_03/cleaned_fastica_220127_F4_run2_fluorescence,fastica/keep_top_03/cleaned_fastica_220127_F4_run2_fluorescence,0,2536,635,,,,,,0.5470664087685364,0.49067086249356145,0.5611734364925853
bout_state,classification,within,fastica/keep_top_03/cleaned_fastica_220127_F4_run2_fluorescence,fastica/keep_top_03/cleaned_fastica_220127_F4_run2_fluorescence,1,2533,635,,,,,,0.5590483697420114,0.5600766222364115,0.6177339038610714
bout_state,classification,within,fastica/keep_top_03/cleaned_fastica_220127_F4_run2_fluorescence,fastica/keep_top_03/cleaned_fastica_220127_F4_run2_fluorescence,2,2534,634,,,,,,0.5174911256154815,0.48956906170991116,0.5676170846215505
bout_state,classification,within,fastica/keep_top_03/cleaned_fastica_220127_F4_run2_fluorescence,fastica/keep_top_03/cleaned_fastica_220127_F4_run2_fluorescence,3,2533,635,,,,,,0.5521114106019767,0.5460681534388125,0.5837561439670207
bout_state,classification,within,fastica/keep_top_03/cleaned_fastica_220127_F4_run2_fluorescence,fastica/keep_top_03/cleaned_fastica_220127_F4_run2_fluorescence,4,2536,635,,,,,,0.5129704301075269,0.41527231892195393,0.5188844086021505
bout_state,classification,within,fastica/keep_top_04/cleaned_fastica_220127_F4_run2_fluorescence,fastica/keep_top_04/cleaned_fastica_220127_F4_run2_fluorescence,0,2536,635,,,,,,0.5763056092843327,0.5083236546651181,0.6029593810444874
bout_state,classification,within,fastica/keep_top_04/cleaned_fastica_220127_F4_run2_fluorescence,fastica/keep_top_04/cleaned_fastica_220127_F4_run2_fluorescence,1,2533,635,,,,,,0.5919725746315342,0.5831011149400803,0.6581462853139154
bout_state,classification,within,fastica/keep_top_04/cleaned_fastica_220127_F4_run2_fluorescence,fastica/keep_top_04/cleaned_fastica_220127_F4_run2_fluorescence,2,2534,634,,,,,,0.5760763769609527,0.5410706283823378,0.6220227871292797
bout_state,classification,within,fastica/keep_top_04/cleaned_fastica_220127_F4_run2_fluorescence,fastica/keep_top_04/cleaned_fastica_220127_F4_run2_fluorescence,3,2533,635,,,,,,0.5532411077638603,0.5542295542295542,0.5930976164050525
bout_state,classification,within,fastica/keep_top_04/cleaned_fastica_220127_F4_run2_fluorescence,fastica/keep_top_04/cleaned_fastica_220127_F4_run2_fluorescence,4,2536,635,,,,,,0.5482190860215054,0.4894121430942895,0.5674193548387098
bout_state,classification,within,fastica/keep_top_05/cleaned_fastica_220127_F4_run2_fluorescence,fastica/keep_top_05/cleaned_fastica_220127_F4_run2_fluorescence,0,2536,635,,,,,,0.6379754996776272,0.607001873410946,0.6783107672469375
bout_state,classification,within,fastica/keep_top_05/cleaned_fastica_220127_F4_run2_fluorescence,fastica/keep_top_05/cleaned_fastica_220127_F4_run2_fluorescence,1,2533,635,,,,,,0.6403923629357156,0.6201295769560703,0.7007857267972876
bout_state,classification,within,fastica/keep_top_05/cleaned_fastica_220127_F4_run2_fluorescence,fastica/keep_top_05/cleaned_fastica_220127_F4_run2_fluorescence,2,2534,634,,,,,,0.6004666208633918,0.570322810772249,0.6767290736287644
bout_state,classification,within,fastica/keep_top_05/cleaned_fastica_220127_F4_run2_fluorescence,fastica/keep_top_05/cleaned_fastica_220127_F4_run2_fluorescence,3,2533,635,,,,,,0.604559748427673,0.5964429315898304,0.6628349452988743
bout_state,classification,within,fastica/keep_top_05/cleaned_fastica_220127_F4_run2_fluorescence,fastica/keep_top_05/cleaned_fastica_220127_F4_run2_fluorescence,4,2536,635,,,,,,0.5854502688172043,0.5568611717772172,0.6241935483870968
bout_state,classification,within,fastica/keep_top_06/cleaned_fastica_220127_F4_run2_fluorescence,fastica/keep_top_06/cleaned_fastica_220127_F4_run2_fluorescence,0,2536,635,,,,,,0.6180851063829788,0.5244234674387277,0.710535138620245
bout_state,classification,within,fastica/keep_top_06/cleaned_fastica_220127_F4_run2_fluorescence,fastica/keep_top_06/cleaned_fastica_220127_F4_run2_fluorescence,1,2533,635,,,,,,0.6277118834922303,0.6195755332526633,0.6804544203388134
bout_state,classification,within,fastica/keep_top_06/cleaned_fastica_220127_F4_run2_fluorescence,fastica/keep_top_06/cleaned_fastica_220127_F4_run2_fluorescence,2,2534,634,,,,,,0.6801500057254093,0.6058645541068384,0.7452622237489981
bout_state,classification,within,fastica/keep_top_06/cleaned_fastica_220127_F4_run2_fluorescence,fastica/keep_top_06/cleaned_fastica_220127_F4_run2_fluorescence,3,2533,635,,,,,,0.6422691718196712,0.6220338832476036,0.6959727287141272
bout_state,classification,within,fastica/keep_top_06/cleaned_fastica_220127_F4_run2_fluorescence,fastica/keep_top_06/cleaned_fastica_220127_F4_run2_fluorescence,4,2536,635,,,,,,0.5751008064516129,0.5690349096717373,0.6598924731182796
bout_state,classification,within,infomax/keep_top_01/cleaned_infomax_220127_F4_run2_fluorescence,infomax/keep_top_01/cleaned_infomax_220127_F4_run2_fluorescence,0,2536,635,,,,,,0.6093488072211477,0.4930347776127978,0.7126499032882012
bout_state,classification,within,infomax/keep_top_01/cleaned_infomax_220127_F4_run2_fluorescence,infomax/keep_top_01/cleaned_infomax_220127_F4_run2_fluorescence,1,2533,635,,,,,,0.6926094137076796,0.7127259773799982,0.8223982183519757
bout_state,classification,within,infomax/keep_top_01/cleaned_infomax_220127_F4_run2_fluorescence,infomax/keep_top_01/cleaned_infomax_220127_F4_run2_fluorescence,2,2534,634,,,,,,0.7257385778083133,0.6562046634698646,0.8212384060460323
bout_state,classification,within,infomax/keep_top_01/cleaned_infomax_220127_F4_run2_fluorescence,infomax/keep_top_01/cleaned_infomax_220127_F4_run2_fluorescence,3,2533,635,,,,,,0.7010596691506792,0.6904494576378863,0.7867448866338986
bout_state,classification,within,infomax/keep_top_01/cleaned_infomax_220127_F4_run2_fluorescence,infomax/keep_top_01/cleaned_infomax_220127_F4_run2_fluorescence,4,2536,635,,,,,,0.6436827956989247,0.5746571729957806,0.6945430107526882
bout_state,classification,within,infomax/keep_top_02/cleaned_infomax_220127_F4_run2_fluorescence,infomax/keep_top_02/cleaned_infomax_220127_F4_run2_fluorescence,0,2536,635,,,,,,0.6103159252095423,0.5092919789626895,0.706769825918762
bout_state,classification,within,infomax/keep_top_02/cleaned_infomax_220127_F4_run2_fluorescence,infomax/keep_top_02/cleaned_infomax_220127_F4_run2_fluorescence,1,2533,635,,,,,,0.7345482070915597,0.7425906648376416,0.8265770838025174
bout_state,classification,within,infomax/keep_top_02/cleaned_infomax_220127_F4_run2_fluorescence,infomax/keep_top_02/cleaned_infomax_220127_F4_run2_fluorescence,2,2534,634,,,,,,0.7553532577579297,0.7071379947486143,0.8384289476697584
bout_state,classification,within,infomax/keep_top_02/cleaned_infomax_220127_F4_run2_fluorescence,infomax/keep_top_02/cleaned_infomax_220127_F4_run2_fluorescence,3,2533,635,,,,,,0.7178201469266952,0.7009004848764719,0.7937476877543471
bout_state,classification,within,infomax/keep_top_02/cleaned_infomax_220127_F4_run2_fluorescence,infomax/keep_top_02/cleaned_infomax_220127_F4_run2_fluorescence,4,2536,635,,,,,,0.6595430107526882,0.6105973216653408,0.7041801075268816
bout_state,classification,within,infomax/keep_top_03/cleaned_infomax_220127_F4_run2_fluorescence,infomax/keep_top_03/cleaned_infomax_220127_F4_run2_fluorescence,0,2536,635,,,,,,0.6357511283043198,0.556374298827129,0.7288845905867183
bout_state,classification,within,infomax/keep_top_03/cleaned_infomax_220127_F4_run2_fluorescence,infomax/keep_top_03/cleaned_infomax_220127_F4_run2_fluorescence,1,2533,635,,,,,,0.6897943097365062,0.6884161490683229,0.7665840902835122
bout_state,classification,within,infomax/keep_top_03/cleaned_infomax_220127_F4_run2_fluorescence,infomax/keep_top_03/cleaned_infomax_220127_F4_run2_fluorescence,2,2534,634,,,,,,0.6999599221344326,0.6641287206780997,0.808041337455628
bout_state,classification,within,infomax/keep_top_03/cleaned_infomax_220127_F4_run2_fluorescence,infomax/keep_top_03/cleaned_infomax_220127_F4_run2_fluorescence,3,2533,635,,,,,,0.6882432218170287,0.6141097176951549,0.7561307541884679
bout_state,classification,within,infomax/keep_top_03/cleaned_infomax_220127_F4_run2_fluorescence,infomax/keep_top_03/cleaned_infomax_220127_F4_run2_fluorescence,4,2536,635,,,,,,0.626008064516129,0.6205453036122085,0.7061424731182795
bout_state,classification,within,infomax/keep_top_04/cleaned_infomax_220127_F4_run2_fluorescence,infomax/keep_top_04/cleaned_infomax_220127_F4_run2_fluorescence,0,2536,635,,,,,,0.6224049000644746,0.6007019870578282,0.6501869761444229
bout_state,classification,within,infomax/keep_top_04/cleaned_infomax_220127_F4_run2_fluorescence,infomax/keep_top_04/cleaned_infomax_220127_F4_run2_fluorescence,1,2533,635,,,,,,0.6056602357180392,0.6032416936195236,0.6787278232364937
bout_state,classification,within,infomax/keep_top_04/cleaned_infomax_220127_F4_run2_fluorescence,infomax/keep_top_04/cleaned_infomax_220127_F4_run2_fluorescence,2,2534,634,,,,,,0.6762281003091721,0.6102342841813466,0.7474092522615366
bout_state,classification,within,infomax/keep_top_04/cleaned_infomax_220127_F4_run2_fluorescence,infomax/keep_top_04/cleaned_infomax_220127_F4_run2_fluorescence,3,2533,635,,,,,,0.6390320279055017,0.5974632328622141,0.7066354843824322
bout_state,classification,within,infomax/keep_top_04/cleaned_infomax_220127_F4_run2_fluorescence,infomax/keep_top_04/cleaned_infomax_220127_F4_run2_fluorescence,4,2536,635,,,,,,0.5948252688172043,0.6006158633903025,0.6741666666666667
bout_state,classification,within,infomax/keep_top_05/cleaned_infomax_220127_F4_run2_fluorescence,infomax/keep_top_05/cleaned_infomax_220127_F4_run2_fluorescence,0,2536,635,,,,,,0.609638942617666,0.5286895108686015,0.6909219858156028
bout_state,classification,within,infomax/keep_top_05/cleaned_infomax_220127_F4_run2_fluorescence,infomax/keep_top_05/cleaned_infomax_220127_F4_run2_fluorescence,1,2533,635,,,,,,0.6493569051372519,0.6460293541115358,0.7288241623501739
bout_state,classification,within,infomax/keep_top_05/cleaned_infomax_220127_F4_run2_fluorescence,infomax/keep_top_05/cleaned_infomax_220127_F4_run2_fluorescence,2,2534,634,,,,,,0.6595957860987061,0.6276064610866373,0.7225323485629223
bout_state,classification,within,infomax/keep_top_05/cleaned_infomax_220127_F4_run2_fluorescence,infomax/keep_top_05/cleaned_infomax_220127_F4_run2_fluorescence,3,2533,635,,,,,,0.6359732572274193,0.6156730408698913,0.7125944717509647
bout_state,classification,within,infomax/keep_top_05/cleaned_infomax_220127_F4_run2_fluorescence,infomax/keep_top_05/cleaned_infomax_220127_F4_run2_fluorescence,4,2536,635,,,,,,0.5897177419354839,0.593851270680539,0.676263440860215
bout_state,classification,within,infomax/keep_top_06/cleaned_infomax_220127_F4_run2_fluorescence,infomax/keep_top_06/cleaned_infomax_220127_F4_run2_fluorescence,0,2536,635,,,,,,0.6166666666666667,0.5459973502738136,0.7036750483558993
bout_state,classification,within,infomax/keep_top_06/cleaned_infomax_220127_F4_run2_fluorescence,infomax/keep_top_06/cleaned_infomax_220127_F4_run2_fluorescence,1,2533,635,,,,,,0.6634511923529265,0.6570167259603924,0.7289117433626104
bout_state,classification,within,infomax/keep_top_06/cleaned_infomax_220127_F4_run2_fluorescence,infomax/keep_top_06/cleaned_infomax_220127_F4_run2_fluorescence,2,2534,634,,,,,,0.680221573342494,0.6107198324123235,0.7506584220771786
bout_state,classification,within,infomax/keep_top_06/cleaned_infomax_220127_F4_run2_fluorescence,infomax/keep_top_06/cleaned_infomax_220127_F4_run2_fluorescence,3,2533,635,,,,,,0.685270334548914,0.6610079009182148,0.7222926906611701
bout_state,classification,within,infomax/keep_top_06/cleaned_infomax_220127_F4_run2_fluorescence,infomax/keep_top_06/cleaned_infomax_220127_F4_run2_fluorescence,4,2536,635,,,,,,0.6123991935483871,0.6154591478332485,0.6737365591397849
bout_state,classification,within,jade/keep_top_01/cleaned_jade_220127_F4_run2_fluorescence,jade/keep_top_01/cleaned_jade_220127_F4_run2_fluorescence,0,2536,635,,,,,,0.5360412637008382,0.5143623101403748,0.5493359123146357
bout_state,classification,within,jade/keep_top_01/cleaned_jade_220127_F4_run2_fluorescence,jade/keep_top_01/cleaned_jade_220127_F4_run2_fluorescence,1,2533,635,,,,,,0.547406350874559,0.47117873461027704,0.5412756800040036
bout_state,classification,within,jade/keep_top_01/cleaned_jade_220127_F4_run2_fluorescence,jade/keep_top_01/cleaned_jade_220127_F4_run2_fluorescence,2,2534,634,,,,,,0.5033064239093096,0.4482564605478681,0.4923852055421963
bout_state,classification,within,jade/keep_top_01/cleaned_jade_220127_F4_run2_fluorescence,jade/keep_top_01/cleaned_jade_220127_F4_run2_fluorescence,3,2533,635,,,,,,0.5384427355848,0.5291776401641872,0.5463506157179853
bout_state,classification,within,jade/keep_top_01/cleaned_jade_220127_F4_run2_fluorescence,jade/keep_top_01/cleaned_jade_220127_F4_run2_fluorescence,4,2536,635,,,,,,0.5082661290322581,0.5043087551938632,0.5329435483870968
bout_state,classification,within,jade/keep_top_02/cleaned_jade_220127_F4_run2_fluorescence,jade/keep_top_02/cleaned_jade_220127_F4_run2_fluorescence,0,2536,635,,,,,,0.5421663442940039,0.5269538128132195,0.5583752417794972
bout_state,classification,within,jade/keep_top_02/cleaned_jade_220127_F4_run2_fluorescence,jade/keep_top_02/cleaned_jade_220127_F4_run2_fluorescence,1,2533,635,,,,,,0.5174223656882616,0.4521688535773043,0.5337937592272852
bout_state,classification,within,jade/keep_top_02/cleaned_jade_220127_F4_run2_fluorescence,jade/keep_top_02/cleaned_jade_220127_F4_run2_fluorescence,2,2534,634,,,,,,0.5379451505782664,0.42455076420998117,0.5308313294400551
bout_state,classification,within,jade/keep_top_02/cleaned_jade_220127_F4_run2_fluorescence,jade/keep_top_02/cleaned_jade_220127_F4_run2_fluorescence,3,2533,635,,,,,,0.5153731303842292,0.5088414489028512,0.5273769885312616
bout_state,classification,within,jade/keep_top_02/cleaned_jade_220127_F4_run2_fluorescence,jade/keep_top_02/cleaned_jade_220127_F4_run2_fluorescence,4,2536,635,,,,,,0.5532930107526881,0.5317602443906035,0.5699193548387096
bout_state,classification,within,jade/keep_top_03/cleaned_jade_220127_F4_run2_fluorescence,jade/keep_top_03/cleaned_jade_220127_F4_run2_fluorescence,0,2536,635,,,,,,0.5652804642166345,0.5353658536585366,0.5805802707930368
bout_state,classification,within,jade/keep_top_03/cleaned_jade_220127_F4_run2_fluorescence,jade/keep_top_03/cleaned_jade_220127_F4_run2_fluorescence,1,2533,635,,,,,,0.5480319295348197,0.5122734967709575,0.5611190351074744
bout_state,classification,within,jade/keep_top_03/cleaned_jade_220127_F4_run2_fluorescence,jade/keep_top_03/cleaned_jade_220127_F4_run2_fluorescence,2,2534,634,,,,,,0.5775506698728959,0.43181880590233834,0.5806423909309515
bout_state,classification,within,jade/keep_top_03/cleaned_jade_220127_F4_run2_fluorescence,jade/keep_top_03/cleaned_jade_220127_F4_run2_fluorescence,3,2533,635,,,,,,0.5761851910575551,0.5608163552387874,0.5764626605359124
bout_state,classification,within,jade/keep_top_03/cleaned_jade_220127_F4_run2_fluorescence,jade/keep_top_03/cleaned_jade_220127_F4_run2_fluorescence,4,2536,635,,,,,,0.5798051075268817,0.5406852803655411,0.594260752688172
bout_state,classification,within,jade/keep_top_04/cleaned_jade_220127_F4_run2_fluorescence,jade/keep_top_04/cleaned_jade_220127_F4_run2_fluorescence,0,2536,635,,,,,,0.5761766602192134,0.5411270413083715,0.6023468729851709
bout_state,classification,within,jade/keep_top_04/cleaned_jade_220127_F4_run2_fluorescence,jade/keep_top_04/cleaned_jade_220127_F4_run2_fluorescence,1,2533,635,,,,,,0.5574406325851413,0.5131134971304947,0.583689913169682
bout_state,classification,within,jade/keep_top_04/cleaned_jade_220127_F4_run2_fluorescence,jade/keep_top_04/cleaned_jade_220127_F4_run2_fluorescence,2,2534,634,,,,,,0.5919930150005726,0.4714958370382346,0.590948127791137
bout_state,classification,within,jade/keep_top_04/cleaned_jade_220127_F4_run2_fluorescence,jade/keep_top_04/cleaned_jade_220127_F4_run2_fluorescence,3,2533,635,,,,,,0.5803802653136727,0.564538250533374,0.6186512340785371
bout_state,classification,within,jade/keep_top_04/cleaned_jade_220127_F4_run2_fluorescence,jade/keep_top_04/cleaned_jade_220127_F4_run2_fluorescence,4,2536,635,,,,,,0.5714717741935484,0.5306725794530672,0.6135483870967742
bout_state,classification,within,jade/keep_top_05/cleaned_jade_220127_F4_run2_fluorescence,jade/keep_top_05/cleaned_jade_220127_F4_run2_fluorescence,0,2536,635,,,,,,0.5831721470019342,0.5707463105867067,0.6315151515151514
bout_state,classification,within,jade/keep_top_05/cleaned_jade_220127_F4_run2_fluorescence,jade/keep_top_05/cleaned_jade_220127_F4_run2_fluorescence,1,2533,635,,,,,,0.558766859344894,0.5486619567544423,0.6179090658859445
bout_state,classification,within,jade/keep_top_05/cleaned_jade_220127_F4_run2_fluorescence,jade/keep_top_05/cleaned_jade_220127_F4_run2_fluorescence,2,2534,634,,,,,,0.6241841291652352,0.5284553691240261,0.6419472117256384
bout_state,classification,within,jade/keep_top_05/cleaned_jade_220127_F4_run2_fluorescence,jade/keep_top_05/cleaned_jade_220127_F4_run2_fluorescence,3,2533,635,,,,,,0.5972200200835052,0.5898136645962733,0.6322604513503515
bout_state,classification,within,jade/keep_top_05/cleaned_jade_220127_F4_run2_fluorescence,jade/keep_top_05/cleaned_jade_220127_F4_run2_fluorescence,4,2536,635,,,,,,0.580141129032258,0.552039595467064,0.6264112903225807
bout_state,classification,within,jade/keep_top_06/cleaned_jade_220127_F4_run2_fluorescence,jade/keep_top_06/cleaned_jade_220127_F4_run2_fluorescence,0,2536,635,,,,,,0.6319471308833011,0.5818996644152755,0.68073500967118
bout_state,classification,within,jade/keep_top_06/cleaned_jade_220127_F4_run2_fluorescence,jade/keep_top_06/cleaned_jade_220127_F4_run2_fluorescence,1,2533,635,,,,,,0.6010121862723019,0.5888832298887288,0.6365763331081249
bout_state,classification,within,jade/keep_top_06/cleaned_jade_220127_F4_run2_fluorescence,jade/keep_top_06/cleaned_jade_220127_F4_run2_fluorescence,2,2534,634,,,,,,0.5963013855490668,0.531737559976279,0.6352842665750601
bout_state,classification,within,jade/keep_top_06/cleaned_jade_220127_F4_run2_fluorescence,jade/keep_top_06/cleaned_jade_220127_F4_run2_fluorescence,3,2533,635,,,,,,0.6077374345964801,0.6044198114419298,0.6601923788383278
bout_state,classification,within,jade/keep_top_06/cleaned_jade_220127_F4_run2_fluorescence,jade/keep_top_06/cleaned_jade_220127_F4_run2_fluorescence,4,2536,635,,,,,,0.5673387096774194,0.5700958099538851,0.625994623655914
bout_state,classification,within,sobi/keep_top_01/cleaned_sobi_220127_F4_run2_fluorescence,sobi/keep_top_01/cleaned_sobi_220127_F4_run2_fluorescence,0,2536,635,,,,,,0.519825918762089,0.3543862366322016,0.5605544809800129
bout_state,classification,within,sobi/keep_top_01/cleaned_sobi_220127_F4_run2_fluorescence,sobi/keep_top_01/cleaned_sobi_220127_F4_run2_fluorescence,1,2533,635,,,,,,0.5140880314290719,0.4831795984807379,0.5123113880339314
bout_state,classification,within,sobi/keep_top_01/cleaned_sobi_220127_F4_run2_fluorescence,sobi/keep_top_01/cleaned_sobi_220127_F4_run2_fluorescence,2,2534,634,,,,,,0.5202822626817818,0.2988488413009601,0.4922850108782778
bout_state,classification,within,sobi/keep_top_01/cleaned_sobi_220127_F4_run2_fluorescence,sobi/keep_top_01/cleaned_sobi_220127_F4_run2_fluorescence,3,2533,635,,,,,,0.4952631996194704,0.4587893139900504,0.4879895354368163
bout_state,classification,within,sobi/keep_top_01/cleaned_sobi_220127_F4_run2_fluorescence,sobi/keep_top_01/cleaned_sobi_220127_F4_run2_fluorescence,4,2536,635,,,,,,0.5375000000000001,0.5274238525200176,0.5396370967741936
bout_state,classification,within,sobi/keep_top_02/cleaned_sobi_220127_F4_run2_fluorescence,sobi/keep_top_02/cleaned_sobi_220127_F4_run2_fluorescence,0,2536,635,,,,,,0.6370406189555126,0.5738654098258318,0.6871179883945842
bout_state,classification,within,sobi/keep_top_02/cleaned_sobi_220127_F4_run2_fluorescence,sobi/keep_top_02/cleaned_sobi_220127_F4_run2_fluorescence,1,2533,635,,,,,,0.6088694542451768,0.6130788584008177,0.6968070465180292
bout_state,classification,within,sobi/keep_top_02/cleaned_sobi_220127_F4_run2_fluorescence,sobi/keep_top_02/cleaned_sobi_220127_F4_run2_fluorescence,2,2534,634,,,,,,0.6537988091148517,0.5766649095062379,0.7047692660025192
bout_state,classification,within,sobi/keep_top_02/cleaned_sobi_220127_F4_run2_fluorescence,sobi/keep_top_02/cleaned_sobi_220127_F4_run2_fluorescence,3,2533,635,,,,,,0.5834588552402094,0.5536877606185114,0.6525685745996511
bout_state,classification,within,sobi/keep_top_02/cleaned_sobi_220127_F4_run2_fluorescence,sobi/keep_top_02/cleaned_sobi_220127_F4_run2_fluorescence,4,2536,635,,,,,,0.6123655913978495,0.6049089570053584,0.6786424731182796
bout_state,classification,within,sobi/keep_top_03/cleaned_sobi_220127_F4_run2_fluorescence,sobi/keep_top_03/cleaned_sobi_220127_F4_run2_fluorescence,0,2536,635,,,,,,0.6467117988394584,0.6291290630273682,0.7027466150870407
bout_state,classification,within,sobi/keep_top_03/cleaned_sobi_220127_F4_run2_fluorescence,sobi/keep_top_03/cleaned_sobi_220127_F4_run2_fluorescence,1,2533,635,,,,,,0.585441533418412,0.5827147272860029,0.6558441558441558
bout_state,classification,within,sobi/keep_top_03/cleaned_sobi_220127_F4_run2_fluorescence,sobi/keep_top_03/cleaned_sobi_220127_F4_run2_fluorescence,2,2534,634,,,,,,0.6263168441543571,0.5712577125994813,0.6989150349249972
bout_state,classification,within,sobi/keep_top_03/cleaned_sobi_220127_F4_run2_fluorescence,sobi/keep_top_03/cleaned_sobi_220127_F4_run2_fluorescence,3,2533,635,,,,,,0.5667181967126473,0.5474683816016555,0.6376909254267744
bout_state,classification,within,sobi/keep_top_03/cleaned_sobi_220127_F4_run2_fluorescence,sobi/keep_top_03/cleaned_sobi_220127_F4_run2_fluorescence,4,2536,635,,,,,,0.6120295698924731,0.5957012803220267,0.6611424731182796
bout_state,classification,within,sobi/keep_top_04/cleaned_sobi_220127_F4_run2_fluorescence,sobi/keep_top_04/cleaned_sobi_220127_F4_run2_fluorescence,0,2536,635,,,,,,0.6211476466795616,0.6136205889637333,0.6972920696324951
bout_state,classification,within,sobi/keep_top_04/cleaned_sobi_220127_F4_run2_fluorescence,sobi/keep_top_04/cleaned_sobi_220127_F4_run2_fluorescence,1,2533,635,,,,,,0.6352751294947827,0.6317155067155067,0.6955558891975075
bout_state,classification,within,sobi/keep_top_04/cleaned_sobi_220127_F4_run2_fluorescence,sobi/keep_top_04/cleaned_sobi_220127_F4_run2_fluorescence,2,2534,634,,,,,,0.6850452307339975,0.6331050527081061,0.7393364250543913
bout_state,classification,within,sobi/keep_top_04/cleaned_sobi_220127_F4_run2_fluorescence,sobi/keep_top_04/cleaned_sobi_220127_F4_run2_fluorescence,3,2533,635,,,,,,0.5855729084086465,0.5590538120500084,0.655594313196977
bout_state,classification,within,sobi/keep_top_04/cleaned_sobi_220127_F4_run2_fluorescence,sobi/keep_top_04/cleaned_sobi_220127_F4_run2_fluorescence,4,2536,635,,,,,,0.5985215053763441,0.5915674141104974,0.667741935483871
bout_state,classification,within,sobi/keep_top_05/cleaned_sobi_220127_F4_run2_fluorescence,sobi/keep_top_05/cleaned_sobi_220127_F4_run2_fluorescence,0,2536,635,,,,,,0.6803030303030303,0.6474459240470655,0.7147001934235977
bout_state,classification,within,sobi/keep_top_05/cleaned_sobi_220127_F4_run2_fluorescence,sobi/keep_top_05/cleaned_sobi_220127_F4_run2_fluorescence,1,2533,635,,,,,,0.6254598003152916,0.6337384514046027,0.7138853439431474
bout_state,classification,within,sobi/keep_top_05/cleaned_sobi_220127_F4_run2_fluorescence,sobi/keep_top_05/cleaned_sobi_220127_F4_run2_fluorescence,2,2534,634,,,,,,0.6521241268750716,0.5973142183104981,0.7169214473834878
bout_state,classification,within,sobi/keep_top_05/cleaned_sobi_220127_F4_run2_fluorescence,sobi/keep_top_05/cleaned_sobi_220127_F4_run2_fluorescence,3,2533,635,,,,,,0.5939630569208816,0.566194641004664,0.6791131546958407
bout_state,classification,within,sobi/keep_top_05/cleaned_sobi_220127_F4_run2_fluorescence,sobi/keep_top_05/cleaned_sobi_220127_F4_run2_fluorescence,4,2536,635,,,,,,0.5817876344086022,0.5817876344086022,0.656505376344086
bout_state,classification,within,sobi/keep_top_06/cleaned_sobi_220127_F4_run2_fluorescence,sobi/keep_top_06/cleaned_sobi_220127_F4_run2_fluorescence,0,2536,635,,,,,,0.6664087685364282,0.6181352389941347,0.7305996131528047
bout_state,classification,within,sobi/keep_top_06/cleaned_sobi_220127_F4_run2_fluorescence,sobi/keep_top_06/cleaned_sobi_220127_F4_run2_fluorescence,1,2533,635,,,,,,0.6410054300227711,0.6476137624861265,0.712296374146085
bout_state,classification,within,sobi/keep_top_06/cleaned_sobi_220127_F4_run2_fluorescence,sobi/keep_top_06/cleaned_sobi_220127_F4_run2_fluorescence,2,2534,634,,,,,,0.6837713271498913,0.64682891192183,0.7446896828123212
bout_state,classification,within,sobi/keep_top_06/cleaned_sobi_220127_F4_run2_fluorescence,sobi/keep_top_06/cleaned_sobi_220127_F4_run2_fluorescence,3,2533,635,,,,,,0.6097061466095872,0.5821894498014748,0.6739337244331696
bout_state,classification,within,sobi/keep_top_06/cleaned_sobi_220127_F4_run2_fluorescence,sobi/keep_top_06/cleaned_sobi_220127_F4_run2_fluorescence,4,2536,635,,,,,,0.5797379032258064,0.5848431457287546,0.651962365591398
bout_state,classification,transfer_raw_to_clean,raw,fastica/keep_top_01/cleaned_fastica_220127_F4_run2_fluorescence,0,2536,635,,,,,,0.5289490651192779,0.4908232359230221,0.5380657640232109
bout_state,classification,transfer_raw_to_clean,raw,fastica/keep_top_01/cleaned_fastica_220127_F4_run2_fluorescence,1,2533,635,,,,,,0.5261366764256937,0.5241546908703812,0.5428896729474764
bout_state,classification,transfer_raw_to_clean,raw,fastica/keep_top_01/cleaned_fastica_220127_F4_run2_fluorescence,2,2534,634,,,,,,0.4748654528798809,0.4744966992645011,0.4871035154013512
bout_state,classification,transfer_raw_to_clean,raw,fastica/keep_top_01/cleaned_fastica_220127_F4_run2_fluorescence,3,2533,635,,,,,,0.4924422599228371,0.490570021111893,0.5139659637439882
bout_state,classification,transfer_raw_to_clean,raw,fastica/keep_top_01/cleaned_fastica_220127_F4_run2_fluorescence,4,2536,635,,,,,,0.5069892473118279,0.5036833420807201,0.48541666666666666
bout_state,classification,transfer_clean_to_raw,fastica/keep_top_01/cleaned_fastica_220127_F4_run2_fluorescence,raw,0,2536,635,,,,,,0.48098001289490655,0.47849853261941416,0.5086137975499677
bout_state,classification,transfer_clean_to_raw,fastica/keep_top_01/cleaned_fastica_220127_F4_run2_fluorescence,raw,1,2533,635,,,,,,0.5522233065585667,0.5497146960932526,0.6032079673698172
bout_state,classification,transfer_clean_to_raw,fastica/keep_top_01/cleaned_fastica_220127_F4_run2_fluorescence,raw,2,2534,634,,,,,,0.5406217794572312,0.4761874690831781,0.5526021985571968
bout_state,classification,transfer_clean_to_raw,fastica/keep_top_01/cleaned_fastica_220127_F4_run2_fluorescence,raw,3,2533,635,,,,,,0.5437609005866497,0.5420981280106147,0.56794038370065
bout_state,classification,transfer_clean_to_raw,fastica/keep_top_01/cleaned_fastica_220127_F4_run2_fluorescence,raw,4,2536,635,,,,,,0.5293010752688172,0.4184981684981685,0.57502688172043
bout_state,classification,transfer_raw_to_clean,raw,fastica/keep_top_02/cleaned_fastica_220127_F4_run2_fluorescence,0,2536,635,,,,,,0.5432946486137975,0.49146497536958494,0.5597678916827853
bout_state,classification,transfer_raw_to_clean,raw,fastica/keep_top_02/cleaned_fastica_220127_F4_run2_fluorescence,1,2533,635,,,,,,0.5550509221029453,0.5569387830046638,0.5538247879288343
bout_state,classification,transfer_raw_to_clean,raw,fastica/keep_top_02/cleaned_fastica_220127_F4_run2_fluorescence,2,2534,634,,,,,,0.49842551242413835,0.4936359026369168,0.4943747852971487
bout_state,classification,transfer_raw_to_clean,raw,fastica/keep_top_02/cleaned_fastica_220127_F4_run2_fluorescence,3,2533,635,,,,,,0.5081060726177263,0.5076236531117181,0.5358332012050103
bout_state,classification,transfer_raw_to_clean,raw,fastica/keep_top_02/cleaned_fastica_220127_F4_run2_fluorescence,4,2536,635,,,,,,0.5197916666666667,0.5180693321653369,0.5280645161290323
bout_state,classification,transfer_clean_to_raw,fastica/keep_top_02/cleaned_fastica_220127_F4_run2_fluorescence,raw,0,2536,635,,,,,,0.5435203094777563,0.5051287992080375,0.5486266924564797
bout_state,classification,transfer_clean_to_raw,fastica/keep_top_02/cleaned_fastica_220127_F4_run2_fluorescence,raw,1,2533,635,,,,,,0.5912844381052473,0.5743741043108066,0.6443460200685635
bout_state,classification,transfer_clean_to_raw,fastica/keep_top_02/cleaned_fastica_220127_F4_run2_fluorescence,raw,2,2534,634,,,,,,0.5710380167181953,0.5092971250284551,0.5836196038016718
bout_state,classification,transfer_clean_to_raw,fastica/keep_top_02/cleaned_fastica_220127_F4_run2_fluorescence,raw,3,2533,635,,,,,,0.5898406532424291,0.576769153060096,0.6150837693567993
bout_state,classification,transfer_clean_to_raw,fastica/keep_top_02/cleaned_fastica_220127_F4_run2_fluorescence,raw,4,2536,635,,,,,,0.5570228494623656,0.36977576954535485,0.5947446236559141
bout_state,classification,transfer_raw_to_clean,raw,fastica/keep_top_03/cleaned_fastica_220127_F4_run2_fluorescence,0,2536,635,,,,,,0.568923275306254,0.5124144541556728,0.6122243713733075
bout_state,classification,transfer_raw_to_clean,raw,fastica/keep_top_03/cleaned_fastica_220127_F4_run2_fluorescence,1,2533,635,,,,,,0.5644471135800616,0.5667157817707149,0.6000675624953081
bout_state,classification,transfer_raw_to_clean,raw,fastica/keep_top_03/cleaned_fastica_220127_F4_run2_fluorescence,2,2534,634,,,,,,0.5310603458147257,0.5184963118068303,0.569778426657506
bout_state,classification,transfer_raw_to_clean,raw,fastica/keep_top_03/cleaned_fastica_220127_F4_run2_fluorescence,3,2533,635,,,,,,0.5699685534591195,0.566223908918406,0.6073410496273981
bout_state,classification,transfer_raw_to_clean,raw,fastica/keep_top_03/cleaned_fastica_220127_F4_run2_fluorescence,4,2536,635,,,,,,0.5351814516129032,0.5361611174880987,0.564005376344086
bout_state,classification,transfer_clean_to_raw,fastica/keep_top_03/cleaned_fastica_220127_F4_run2_fluorescence,raw,0,2536,635,,,,,,0.6034816247582205,0.5370389386346833,0.6268214055448098
bout_state,classification,transfer_clean_to_raw,fastica/keep_top_03/cleaned_fastica_220127_F4_run2_fluorescence,raw,1,2533,635,,,,,,0.6800540499962465,0.6757519515424295,0.7351925531116281
bout_state,classification,transfer_clean_to_raw,fastica/keep_top_03/cleaned_fastica_220127_F4_run2_fluorescence,raw,2,2534,634,,,,,,0.6253721516088401,0.5742709461899602,0.6706315126531548
bout_state,classification,transfer_clean_to_raw,fastica/keep_top_03/cleaned_fastica_220127_F4_run2_fluorescence,raw,3,2533,635,,,,,,0.6223376142909994,0.6031437196358662,0.6623328576713705
bout_state,classification,transfer_clean_to_raw,fastica/keep_top_03/cleaned_fastica_220127_F4_run2_fluorescence,raw,4,2536,635,,,,,,0.5510752688172043,0.4514636399828735,0.6131854838709677
bout_state,classification,transfer_raw_to_clean,raw,fastica/keep_top_04/cleaned_fastica_220127_F4_run2_fluorescence,0,2536,635,,,,,,0.6164087685364281,0.5552944472111554,0.6568278529980658
bout_state,classification,transfer_raw_to_clean,raw,fastica/keep_top_04/cleaned_fastica_220127_F4_run2_fluorescence,1,2533,635,,,,,,0.5886507519455496,0.5914461370489758,0.6577334033981432
bout_state,classification,transfer_raw_to_clean,raw,fastica/keep_top_04/cleaned_fastica_220127_F4_run2_fluorescence,2,2534,634,,,,,,0.5753463872666895,0.5532605309873679,0.6453681438222832
bout_state,classification,transfer_raw_to_clean,raw,fastica/keep_top_04/cleaned_fastica_220127_F4_run2_fluorescence,3,2533,635,,,,,,0.580439723059035,0.5740372670807453,0.6223772527879077
bout_state,classification,transfer_raw_to_clean,raw,fastica/keep_top_04/cleaned_fastica_220127_F4_run2_fluorescence,4,2536,635,,,,,,0.5602486559139785,0.5612240709320782,0.5964919354838709
bout_state,classification,transfer_clean_to_raw,fastica/keep_top_04/cleaned_fastica_220127_F4_run2_fluorescence,raw,0,2536,635,,,,,,0.6020954223081882,0.5313246211956758,0.6420309477756286
bout_state,classification,transfer_clean_to_raw,fastica/keep_top_04/cleaned_fastica_220127_F4_run2_fluorescence,raw,1,2533,635,,,,,,0.6396541801166078,0.6241091954022988,0.7156181968320696
bout_state,classification,transfer_clean_to_raw,fastica/keep_top_04/cleaned_fastica_220127_F4_run2_fluorescence,raw,2,2534,634,,,,,,0.6339745791824116,0.5829325832501587,0.6811948929348449
bout_state,classification,transfer_clean_to_raw,fastica/keep_top_04/cleaned_fastica_220127_F4_run2_fluorescence,raw,3,2533,635,,,,,,0.6014349135880768,0.5968458744952637,0.6356693620844565
bout_state,classification,transfer_clean_to_raw,fastica/keep_top_04/cleaned_fastica_220127_F4_run2_fluorescence,raw,4,2536,635,,,,,,0.6067204301075269,0.5381818181818182,0.6452217741935484
bout_state,classification,transfer_raw_to_clean,raw,fastica/keep_top_05/cleaned_fastica_220127_F4_run2_fluorescence,0,2536,635,,,,,,0.6379432624113475,0.5731164459118174,0.7059445519019987
bout_state,classification,transfer_raw_to_clean,raw,fastica/keep_top_05/cleaned_fastica_220127_F4_run2_fluorescence,1,2533,635,,,,,,0.6435765583164427,0.6409165785656332,0.7258714310737433
bout_state,classification,transfer_raw_to_clean,raw,fastica/keep_top_05/cleaned_fastica_220127_F4_run2_fluorescence,2,2534,634,,,,,,0.6659509904958205,0.6214145989910429,0.7359441200045802
bout_state,classification,transfer_raw_to_clean,raw,fastica/keep_top_05/cleaned_fastica_220127_F4_run2_fluorescence,3,2533,635,,,,,,0.6318112150520585,0.6187859783208238,0.6775011891549072
bout_state,classification,transfer_raw_to_clean,raw,fastica/keep_top_05/cleaned_fastica_220127_F4_run2_fluorescence,4,2536,635,,,,,,0.5858534946236559,0.5872899677083904,0.6310483870967742
bout_state,classification,transfer_clean_to_raw,fastica/keep_top_05/cleaned_fastica_220127_F4_run2_fluorescence,raw,0,2536,635,,,,,,0.6392005157962605,0.6099913340755927,0.6955899419729207
bout_state,classification,transfer_clean_to_raw,fastica/keep_top_05/cleaned_fastica_220127_F4_run2_fluorescence,raw,1,2533,635,,,,,,0.6505142256587344,0.626033755627566,0.7229937692365438
bout_state,classification,transfer_clean_to_raw,fastica/keep_top_05/cleaned_fastica_220127_F4_run2_fluorescence,raw,2,2534,634,,,,,,0.6522672621092409,0.6060007666484685,0.7208290392763081
bout_state,classification,transfer_clean_to_raw,fastica/keep_top_05/cleaned_fastica_220127_F4_run2_fluorescence,raw,3,2533,635,,,,,,0.6349426563078062,0.6186186186186187,0.6906611701284289
bout_state,classification,transfer_clean_to_raw,fastica/keep_top_05/cleaned_fastica_220127_F4_run2_fluorescence,raw,4,2536,635,,,,,,0.6197916666666666,0.5825044973966857,0.6702419354838709
bout_state,classification,transfer_raw_to_clean,raw,fastica/keep_top_06/cleaned_fastica_220127_F4_run2_fluorescence,0,2536,635,,,,,,0.6544809800128949,0.5884361798214904,0.7198194713088331
bout_state,classification,transfer_raw_to_clean,raw,fastica/keep_top_06/cleaned_fastica_220127_F4_run2_fluorescence,1,2533,635,,,,,,0.691614743637865,0.6856254233221257,0.749155468808648
bout_state,classification,transfer_raw_to_clean,raw,fastica/keep_top_06/cleaned_fastica_220127_F4_run2_fluorescence,2,2534,634,,,,,,0.6830842780258788,0.6350028785261945,0.7595900606893393
bout_state,classification,transfer_raw_to_clean,raw,fastica/keep_top_06/cleaned_fastica_220127_F4_run2_fluorescence,3,2533,635,,,,,,0.6286599545478568,0.6148994493365354,0.6966994344907774
bout_state,classification,transfer_raw_to_clean,raw,fastica/keep_top_06/cleaned_fastica_220127_F4_run2_fluorescence,4,2536,635,,,,,,0.597614247311828,0.5990628018334408,0.6593817204301075
bout_state,classification,transfer_clean_to_raw,fastica/keep_top_06/cleaned_fastica_220127_F4_run2_fluorescence,raw,0,2536,635,,,,,,0.6326563507414571,0.5393265219756967,0.7145583494519665
bout_state,classification,transfer_clean_to_raw,fastica/keep_top_06/cleaned_fastica_220127_F4_run2_fluorescence,raw,1,2533,635,,,,,,0.6407364311988589,0.6254269427875083,0.6904386557565749
bout_state,classification,transfer_clean_to_raw,fastica/keep_top_06/cleaned_fastica_220127_F4_run2_fluorescence,raw,2,2534,634,,,,,,0.6972117256383832,0.6134146341463415,0.7545803274934157
bout_state,classification,transfer_clean_to_raw,fastica/keep_top_06/cleaned_fastica_220127_F4_run2_fluorescence,raw,3,2533,635,,,,,,0.6569420220918556,0.6328564091275956,0.7158316156651339
bout_state,classification,transfer_clean_to_raw,fastica/keep_top_06/cleaned_fastica_220127_F4_run2_fluorescence,raw,4,2536,635,,,,,,0.6123655913978495,0.6049089570053584,0.6786021505376344
bout_state,classification,transfer_raw_to_clean,raw,infomax/keep_top_01/cleaned_infomax_220127_F4_run2_fluorescence,0,2536,635,,,,,,0.6372985170857511,0.5644886604452596,0.7266537717601548
bout_state,classification,transfer_raw_to_clean,raw,infomax/keep_top_01/cleaned_infomax_220127_F4_run2_fluorescence,1,2533,635,,,,,,0.6918837424617772,0.7128305624946163,0.782411230388109
bout_state,classification,transfer_raw_to_clean,raw,infomax/keep_top_01/cleaned_infomax_220127_F4_run2_fluorescence,2,2534,634,,,,,,0.7377476239551128,0.694978411490174,0.8090719111416467
bout_state,classification,transfer_raw_to_clean,raw,infomax/keep_top_01/cleaned_infomax_220127_F4_run2_fluorescence,3,2533,635,,,,,,0.6591155330056551,0.651926909562148,0.7185270334548914
bout_state,classification,transfer_raw_to_clean,raw,infomax/keep_top_01/cleaned_infomax_220127_F4_run2_fluorescence,4,2536,635,,,,,,0.5849462365591398,0.59103435880538,0.6738575268817204
bout_state,classification,transfer_clean_to_raw,infomax/keep_top_01/cleaned_infomax_220127_F4_run2_fluorescence,raw,0,2536,635,,,,,,0.5914893617021277,0.48841542348742023,0.6978723404255319
bout_state,classification,transfer_clean_to_raw,infomax/keep_top_01/cleaned_infomax_220127_F4_run2_fluorescence,raw,1,2533,635,,,,,,0.6991154317743913,0.7184729064039409,0.7861521907764684
bout_state,classification,transfer_clean_to_raw,infomax/keep_top_01/cleaned_infomax_220127_F4_run2_fluorescence,raw,2,2534,634,,,,,,0.732022214588343,0.6416563135691564,0.8031031718767891
bout_state,classification,transfer_clean_to_raw,infomax/keep_top_01/cleaned_infomax_220127_F4_run2_fluorescence,raw,3,2533,635,,,,,,0.701039849902225,0.6852612945432156,0.7619311875693674
bout_state,classification,transfer_clean_to_raw,infomax/keep_top_01/cleaned_infomax_220127_F4_run2_fluorescence,raw,4,2536,635,,,,,,0.5981854838709677,0.5315607689801238,0.6410483870967743
bout_state,classification,transfer_raw_to_clean,raw,infomax/keep_top_02/cleaned_infomax_220127_F4_run2_fluorescence,0,2536,635,,,,,,0.657511283043198,0.5903822544062259,0.7237782076079947
bout_state,classification,transfer_raw_to_clean,raw,infomax/keep_top_02/cleaned_infomax_220127_F4_run2_fluorescence,1,2533,635,,,,,,0.7041826189225033,0.7206872852233677,0.7859770287515953
bout_state,classification,transfer_raw_to_clean,raw,infomax/keep_top_02/cleaned_infomax_220127_F4_run2_fluorescence,2,2534,634,,,,,,0.7378191915721974,0.7000684718331778,0.8081987862132143
bout_state,classification,transfer_raw_to_clean,raw,infomax/keep_top_02/cleaned_infomax_220127_F4_run2_fluorescence,3,2533,635,,,,,,0.6643346017652344,0.6514259985690672,0.7281591882035835
bout_state,classification,transfer_raw_to_clean,raw,infomax/keep_top_02/cleaned_infomax_220127_F4_run2_fluorescence,4,2536,635,,,,,,0.5976478494623656,0.6056736944141524,0.6879435483870968
bout_state,classification,transfer_clean_to_raw,infomax/keep_top_02/cleaned_infomax_220127_F4_run2_fluorescence,raw,0,2536,635,,,,,,0.5963894261766602,0.5045546799932765,0.7011734364925855
bout_state,classification,transfer_clean_to_raw,infomax/keep_top_02/cleaned_infomax_220127_F4_run2_fluorescence,raw,1,2533,635,,,,,,0.7146985962014863,0.7177921121466846,0.8012911943547781
bout_state,classification,transfer_clean_to_raw,infomax/keep_top_02/cleaned_infomax_220127_F4_run2_fluorescence,raw,2,2534,634,,,,,,0.7269695408221688,0.6726704134767152,0.8136665521584793
bout_state,classification,transfer_clean_to_raw,infomax/keep_top_02/cleaned_infomax_220127_F4_run2_fluorescence,raw,3,2533,635,,,,,,0.6894918344696369,0.6715810353639837,0.7662914222292692
bout_state,classification,transfer_clean_to_raw,infomax/keep_top_02/cleaned_infomax_220127_F4_run2_fluorescence,raw,4,2536,635,,,,,,0.620497311827957,0.5710728130450942,0.6560349462365591
bout_state,classification,transfer_raw_to_clean,raw,infomax/keep_top_03/cleaned_infomax_220127_F4_run2_fluorescence,0,2536,635,,,,,,0.6516118633139909,0.5885844462557736,0.7373565441650547
bout_state,classification,transfer_raw_to_clean,raw,infomax/keep_top_03/cleaned_infomax_220127_F4_run2_fluorescence,1,2533,635,,,,,,0.7038510622325651,0.7111235312467505,0.7862397717889047
bout_state,classification,transfer_raw_to_clean,raw,infomax/keep_top_03/cleaned_infomax_220127_F4_run2_fluorescence,2,2534,634,,,,,,0.7221029428604144,0.6805089378701207,0.8075833047062866
bout_state,classification,transfer_raw_to_clean,raw,infomax/keep_top_03/cleaned_infomax_220127_F4_run2_fluorescence,3,2533,635,,,,,,0.6590825009248982,0.6446862702530813,0.7432746683579092
bout_state,classification,transfer_raw_to_clean,raw,infomax/keep_top_03/cleaned_infomax_220127_F4_run2_fluorescence,4,2536,635,,,,,,0.5946236559139785,0.601458021532371,0.6971908602150537
bout_state,classification,transfer_clean_to_raw,infomax/keep_top_03/cleaned_infomax_220127_F4_run2_fluorescence,raw,0,2536,635,,,,,,0.6551579626047711,0.5711744633787706,0.726241134751773
bout_state,classification,transfer_clean_to_raw,infomax/keep_top_03/cleaned_infomax_220127_F4_run2_fluorescence,raw,1,2533,635,,,,,,0.6558879463503742,0.6440384474282779,0.7344168355729049
bout_state,classification,transfer_clean_to_raw,infomax/keep_top_03/cleaned_infomax_220127_F4_run2_fluorescence,raw,2,2534,634,,,,,,0.6897973205084164,0.6504792022584905,0.7675483797091492
bout_state,classification,transfer_clean_to_raw,infomax/keep_top_03/cleaned_infomax_220127_F4_run2_fluorescence,raw,3,2533,635,,,,,,0.6829911209766926,0.6073015806465138,0.7355055229639025
bout_state,classification,transfer_clean_to_raw,infomax/keep_top_03/cleaned_infomax_220127_F4_run2_fluorescence,raw,4,2536,635,,,,,,0.6049731182795699,0.59709775276288,0.6735752688172042
bout_state,classification,transfer_raw_to_clean,raw,infomax/keep_top_04/cleaned_infomax_220127_F4_run2_fluorescence,0,2536,635,,,,,,0.6772404900064475,0.6098580612775792,0.7482398452611219
bout_state,classification,transfer_raw_to_clean,raw,infomax/keep_top_04/cleaned_infomax_220127_F4_run2_fluorescence,1,2533,635,,,,,,0.6930410629832595,0.6926917300745283,0.7660586042088932
bout_state,classification,transfer_raw_to_clean,raw,infomax/keep_top_04/cleaned_infomax_220127_F4_run2_fluorescence,2,2534,634,,,,,,0.7103801671819535,0.662150535713754,0.7948299553418069
bout_state,classification,transfer_raw_to_clean,raw,infomax/keep_top_04/cleaned_infomax_220127_F4_run2_fluorescence,3,2533,635,,,,,,0.6590626816764442,0.6401662224274351,0.7298768564029385
bout_state,classification,transfer_raw_to_clean,raw,infomax/keep_top_04/cleaned_infomax_220127_F4_run2_fluorescence,4,2536,635,,,,,,0.6001344086021505,0.6065159070364214,0.6885752688172043
bout_state,classification,transfer_clean_to_raw,infomax/keep_top_04/cleaned_infomax_220127_F4_run2_fluorescence,raw,0,2536,635,,,,,,0.6224049000644746,0.6007019870578282,0.657485493230174
bout_state,classification,transfer_clean_to_raw,infomax/keep_top_04/cleaned_infomax_220127_F4_run2_fluorescence,raw,1,2533,635,,,,,,0.6121787653579561,0.605853705118411,0.6663851562695493
bout_state,classification,transfer_clean_to_raw,infomax/keep_top_04/cleaned_infomax_220127_F4_run2_fluorescence,raw,2,2534,634,,,,,,0.6519809916409023,0.5882888383193651,0.7334249398832016
bout_state,classification,transfer_clean_to_raw,infomax/keep_top_04/cleaned_infomax_220127_F4_run2_fluorescence,raw,3,2533,635,,,,,,0.6232889382167961,0.5814015191923171,0.6847484276729561
bout_state,classification,transfer_clean_to_raw,infomax/keep_top_04/cleaned_infomax_220127_F4_run2_fluorescence,raw,4,2536,635,,,,,,0.6039650537634409,0.6059402953347802,0.6440120967741936
bout_state,classification,transfer_raw_to_clean,raw,infomax/keep_top_05/cleaned_infomax_220127_F4_run2_fluorescence,0,2536,635,,,,,,0.653739522888459,0.591287284144427,0.7417021276595746
bout_state,classification,transfer_raw_to_clean,raw,infomax/keep_top_05/cleaned_infomax_220127_F4_run2_fluorescence,1,2533,635,,,,,,0.6822060405875434,0.6822060405875434,0.7652203288041439
bout_state,classification,transfer_raw_to_clean,raw,infomax/keep_top_05/cleaned_infomax_220127_F4_run2_fluorescence,2,2534,634,,,,,,0.6856607122409253,0.6405970361884183,0.7658307568991183
bout_state,classification,transfer_raw_to_clean,raw,infomax/keep_top_05/cleaned_infomax_220127_F4_run2_fluorescence,3,2533,635,,,,,,0.6580188679245282,0.6403523570808831,0.7369589345172032
bout_state,classification,transfer_raw_to_clean,raw,infomax/keep_top_05/cleaned_infomax_220127_F4_run2_fluorescence,4,2536,635,,,,,,0.5929435483870968,0.5971054972866252,0.6931989247311827
bout_state,classification,transfer_clean_to_raw,infomax/keep_top_05/cleaned_infomax_220127_F4_run2_fluorescence,raw,0,2536,635,,,,,,0.5885880077369439,0.5180277930598856,0.6768085106382979
bout_state,classification,transfer_clean_to_raw,infomax/keep_top_05/cleaned_infomax_220127_F4_run2_fluorescence,raw,1,2533,635,,,,,,0.6565760828766609,0.6539829138767028,0.719452994019468
bout_state,classification,transfer_clean_to_raw,infomax/keep_top_05/cleaned_infomax_220127_F4_run2_fluorescence,raw,2,2534,634,,,,,,0.642390930951563,0.6094927536231884,0.7207574716592237
bout_state,classification,transfer_clean_to_raw,infomax/keep_top_05/cleaned_infomax_220127_F4_run2_fluorescence,raw,3,2533,635,,,,,,0.6296575233867132,0.6049909584086799,0.6993221817028699
bout_state,classification,transfer_clean_to_raw,infomax/keep_top_05/cleaned_infomax_220127_F4_run2_fluorescence,raw,4,2536,635,,,,,,0.6049059139784947,0.6079485543037905,0.6684677419354839
bout_state,classification,transfer_raw_to_clean,raw,infomax/keep_top_06/cleaned_infomax_220127_F4_run2_fluorescence,0,2536,635,,,,,,0.6710186976144423,0.6038098370755571,0.7400773694390717
bout_state,classification,transfer_raw_to_clean,raw,infomax/keep_top_06/cleaned_infomax_220127_F4_run2_fluorescence,1,2533,635,,,,,,0.6851087255711533,0.6810374399686367,0.7637564747391337
bout_state,classification,transfer_raw_to_clean,raw,infomax/keep_top_06/cleaned_infomax_220127_F4_run2_fluorescence,2,2534,634,,,,,,0.6860614908965991,0.6344352809616998,0.7758502232909652
bout_state,classification,transfer_raw_to_clean,raw,infomax/keep_top_06/cleaned_infomax_220127_F4_run2_fluorescence,3,2533,635,,,,,,0.6695536705248137,0.6504786912464019,0.73109243697479
bout_state,classification,transfer_raw_to_clean,raw,infomax/keep_top_06/cleaned_infomax_220127_F4_run2_fluorescence,4,2536,635,,,,,,0.5973118279569892,0.601020046404038,0.690282258064516
bout_state,classification,transfer_clean_to_raw,infomax/keep_top_06/cleaned_infomax_220127_F4_run2_fluorescence,raw,0,2536,635,,,,,,0.6219858156028368,0.5527985112989122,0.7022823984526112
bout_state,classification,transfer_clean_to_raw,infomax/keep_top_06/cleaned_infomax_220127_F4_run2_fluorescence,raw,1,2533,635,,,,,,0.660191927532968,0.6563359007365869,0.7269224032229812
bout_state,classification,transfer_clean_to_raw,infomax/keep_top_06/cleaned_infomax_220127_F4_run2_fluorescence,raw,2,2534,634,,,,,,0.6872638268636208,0.6151153024141572,0.7413546318561778
bout_state,classification,transfer_clean_to_raw,infomax/keep_top_06/cleaned_infomax_220127_F4_run2_fluorescence,raw,3,2533,635,,,,,,0.6737223191163257,0.6477657935285054,0.7240103588605254
bout_state,classification,transfer_clean_to_raw,infomax/keep_top_06/cleaned_infomax_220127_F4_run2_fluorescence,raw,4,2536,635,,,,,,0.6084341397849462,0.6086701756867341,0.6779301075268818
bout_state,classification,transfer_raw_to_clean,raw,jade/keep_top_01/cleaned_jade_220127_F4_run2_fluorescence,0,2536,635,,,,,,0.5199226305609285,0.4945898853442898,0.5339780786589298
bout_state,classification,transfer_raw_to_clean,raw,jade/keep_top_01/cleaned_jade_220127_F4_run2_fluorescence,1,2533,635,,,,,,0.5026962440257238,0.5018038335155222,0.5262117458649251
bout_state,classification,transfer_raw_to_clean,raw,jade/keep_top_01/cleaned_jade_220127_F4_run2_fluorescence,2,2534,634,,,,,,0.48481335165464334,0.48157961460446247,0.5028770182068018
bout_state,classification,transfer_raw_to_clean,raw,jade/keep_top_01/cleaned_jade_220127_F4_run2_fluorescence,3,2533,635,,,,,,0.5081258918661804,0.5081072884836618,0.523849162306432
bout_state,classification,transfer_raw_to_clean,raw,jade/keep_top_01/cleaned_jade_220127_F4_run2_fluorescence,4,2536,635,,,,,,0.4961693548387097,0.49022628014795977,0.4812365591397849
bout_state,classification,transfer_clean_to_raw,jade/keep_top_01/cleaned_jade_220127_F4_run2_fluorescence,raw,0,2536,635,,,,,,0.5637975499677628,0.5389743251270543,0.5975370728562217
bout_state,classification,transfer_clean_to_raw,jade/keep_top_01/cleaned_jade_220127_F4_run2_fluorescence,raw,1,2533,635,,,,,,0.5521044466131171,0.47321339330334833,0.5793358856942672
bout_state,classification,transfer_clean_to_raw,jade/keep_top_01/cleaned_jade_220127_F4_run2_fluorescence,raw,2,2534,634,,,,,,0.5552502003893278,0.48746428618451365,0.5714101683270354
bout_state,classification,transfer_clean_to_raw,jade/keep_top_01/cleaned_jade_220127_F4_run2_fluorescence,raw,3,2533,635,,,,,,0.6066077374345965,0.5894263217097863,0.6259182918450399
bout_state,classification,transfer_clean_to_raw,jade/keep_top_01/cleaned_jade_220127_F4_run2_fluorescence,raw,4,2536,635,,,,,,0.5230846774193548,0.5231336020663482,0.5433333333333333
bout_state,classification,transfer_raw_to_clean,raw,jade/keep_top_02/cleaned_jade_220127_F4_run2_fluorescence,0,2536,635,,,,,,0.5656350741457123,0.5189092315087676,0.5680464216634429
bout_state,classification,transfer_raw_to_clean,raw,jade/keep_top_02/cleaned_jade_220127_F4_run2_fluorescence,1,2533,635,,,,,,0.5478317443635363,0.5492330759228299,0.554450366589095
bout_state,classification,transfer_raw_to_clean,raw,jade/keep_top_02/cleaned_jade_220127_F4_run2_fluorescence,2,2534,634,,,,,,0.5183928775907477,0.5056417724783446,0.531575632657735
bout_state,classification,transfer_raw_to_clean,raw,jade/keep_top_02/cleaned_jade_220127_F4_run2_fluorescence,3,2533,635,,,,,,0.4902885682574917,0.49034922872132175,0.5081126790338777
bout_state,classification,transfer_raw_to_clean,raw,jade/keep_top_02/cleaned_jade_220127_F4_run2_fluorescence,4,2536,635,,,,,,0.548521505376344,0.5502284843869002,0.5445833333333333
bout_state,classification,transfer_clean_to_raw,jade/keep_top_02/cleaned_jade_220127_F4_run2_fluorescence,raw,0,2536,635,,,,,,0.5714700193423597,0.5572184316075792,0.5928949065119278
bout_state,classification,transfer_clean_to_raw,jade/keep_top_02/cleaned_jade_220127_F4_run2_fluorescence,raw,1,2533,635,,,,,,0.5618196832069664,0.4978766083333965,0.5659610139378926
bout_state,classification,transfer_clean_to_raw,jade/keep_top_02/cleaned_jade_220127_F4_run2_fluorescence,raw,2,2534,634,,,,,,0.5793255467765945,0.45710428755641525,0.6229674796747967
bout_state,classification,transfer_clean_to_raw,jade/keep_top_02/cleaned_jade_220127_F4_run2_fluorescence,raw,3,2533,635,,,,,,0.5929324560012684,0.5691650702426565,0.5989112626182547
bout_state,classification,transfer_clean_to_raw,jade/keep_top_02/cleaned_jade_220127_F4_run2_fluorescence,raw,4,2536,635,,,,,,0.5535954301075269,0.5280717056165848,0.5870564516129032
bout_state,classification,transfer_raw_to_clean,raw,jade/keep_top_03/cleaned_jade_220127_F4_run2_fluorescence,0,2536,635,,,,,,0.5639264990328821,0.5098348001414745,0.6041779497098646
bout_state,classification,transfer_raw_to_clean,raw,jade/keep_top_03/cleaned_jade_220127_F4_run2_fluorescence,1,2533,635,,,,,,0.5467494932812852,0.5480816018483885,0.6109901659034607
bout_state,classification,transfer_raw_to_clean,raw,jade/keep_top_03/cleaned_jade_220127_F4_run2_fluorescence,2,2534,634,,,,,,0.530444864307798,0.5141937635785052,0.5628649948471316
bout_state,classification,transfer_raw_to_clean,raw,jade/keep_top_03/cleaned_jade_220127_F4_run2_fluorescence,3,2533,635,,,,,,0.5175400348818773,0.5165758227135473,0.5486100100417526
bout_state,classification,transfer_raw_to_clean,raw,jade/keep_top_03/cleaned_jade_220127_F4_run2_fluorescence,4,2536,635,,,,,,0.5446572580645161,0.5463359869361094,0.5784005376344086
bout_state,classification,transfer_clean_to_raw,jade/keep_top_03/cleaned_jade_220127_F4_run2_fluorescence,raw,0,2536,635,,,,,,0.5895873629916183,0.5627459493541367,0.6252482269503545
bout_state,classification,transfer_clean_to_raw,jade/keep_top_03/cleaned_jade_220127_F4_run2_fluorescence,raw,1,2533,635,,,,,,0.5805369967219678,0.5381818181818182,0.5926607111578209
bout_state,classification,transfer_clean_to_raw,jade/keep_top_03/cleaned_jade_220127_F4_run2_fluorescence,raw,2,2534,634,,,,,,0.6211067216305965,0.4808395627361145,0.6769724035268522
bout_state,classification,transfer_clean_to_raw,jade/keep_top_03/cleaned_jade_220127_F4_run2_fluorescence,raw,3,2533,635,,,,,,0.599221764177369,0.5738933624493882,0.6300274826911897
bout_state,classification,transfer_clean_to_raw,jade/keep_top_03/cleaned_jade_220127_F4_run2_fluorescence,raw,4,2536,635,,,,,,0.5533602150537634,0.5156814592033234,0.600228494623656
bout_state,classification,transfer_raw_to_clean,raw,jade/keep_top_04/cleaned_jade_220127_F4_run2_fluorescence,0,2536,635,,,,,,0.5834945196647324,0.5269333443701757,0.6212121212121212
bout_state,classification,transfer_raw_to_clean,raw,jade/keep_top_04/cleaned_jade_220127_F4_run2_fluorescence,1,2533,635,,,,,,0.5904586742737032,0.5930751903060432,0.6395290643845557
bout_state,classification,transfer_raw_to_clean,raw,jade/keep_top_04/cleaned_jade_220127_F4_run2_fluorescence,2,2534,634,,,,,,0.5504837970914921,0.5258207287349647,0.6001087827779686
bout_state,classification,transfer_raw_to_clean,raw,jade/keep_top_04/cleaned_jade_220127_F4_run2_fluorescence,3,2533,635,,,,,,0.5552692775223297,0.5503726708074534,0.5871122033719148
bout_state,classification,transfer_raw_to_clean,raw,jade/keep_top_04/cleaned_jade_220127_F4_run2_fluorescence,4,2536,635,,,,,,0.5713037634408602,0.5753129282777524,0.6051881720430108
bout_state,classification,transfer_clean_to_raw,jade/keep_top_04/cleaned_jade_220127_F4_run2_fluorescence,raw,0,2536,635,,,,,,0.6298839458413926,0.5909139096610045,0.6573952288845906
bout_state,classification,transfer_clean_to_raw,jade/keep_top_04/cleaned_jade_220127_F4_run2_fluorescence,raw,1,2533,635,,,,,,0.5798238370492705,0.5342028662445146,0.6121787653579562
bout_state,classification,transfer_clean_to_raw,jade/keep_top_04/cleaned_jade_220127_F4_run2_fluorescence,raw,2,2534,634,,,,,,0.6264742929119432,0.5123662631884236,0.6831701591663804
bout_state,classification,transfer_clean_to_raw,jade/keep_top_04/cleaned_jade_220127_F4_run2_fluorescence,raw,3,2533,635,,,,,,0.6380410654827968,0.6108094576279965,0.6800512657893346
bout_state,classification,transfer_clean_to_raw,jade/keep_top_04/cleaned_jade_220127_F4_run2_fluorescence,raw,4,2536,635,,,,,,0.5705309139784946,0.527835251519462,0.6268413978494625
bout_state,classification,transfer_raw_to_clean,raw,jade/keep_top_05/cleaned_jade_220127_F4_run2_fluorescence,0,2536,635,,,,,,0.6294326241134751,0.5622939519657983,0.6629271437782076
bout_state,classification,transfer_raw_to_clean,raw,jade/keep_top_05/cleaned_jade_220127_F4_run2_fluorescence,1,2533,635,,,,,,0.598046943422666,0.6003416651681353,0.6781648024422591
bout_state,classification,transfer_raw_to_clean,raw,jade/keep_top_05/cleaned_jade_220127_F4_run2_fluorescence,2,2534,634,,,,,,0.6281632886751403,0.5916348551641001,0.6934472689797321
bout_state,classification,transfer_raw_to_clean,raw,jade/keep_top_05/cleaned_jade_220127_F4_run2_fluorescence,3,2533,635,,,,,,0.6077110089318747,0.600225646395891,0.6521061254690556
bout_state,classification,transfer_raw_to_clean,raw,jade/keep_top_05/cleaned_jade_220127_F4_run2_fluorescence,4,2536,635,,,,,,0.603763440860215,0.6073687998015798,0.6534408602150538
bout_state,classification,transfer_clean_to_raw,jade/keep_top_05/cleaned_jade_220127_F4_run2_fluorescence,raw,0,2536,635,,,,,,0.6107027724049001,0.5865990276897062,0.6599355254674403
bout_state,classification,transfer_clean_to_raw,jade/keep_top_05/cleaned_jade_220127_F4_run2_fluorescence,raw,1,2533,635,,,,,,0.5768210594800189,0.5656423421799022,0.6331106273302805
bout_state,classification,transfer_clean_to_raw,jade/keep_top_05/cleaned_jade_220127_F4_run2_fluorescence,raw,2,2534,634,,,,,,0.6353629909538532,0.5429965898397671,0.6932039390816443
bout_state,classification,transfer_clean_to_raw,jade/keep_top_05/cleaned_jade_220127_F4_run2_fluorescence,raw,3,2533,635,,,,,,0.626552507795571,0.610990990990991,0.6509698218910205
bout_state,classification,transfer_clean_to_raw,jade/keep_top_05/cleaned_jade_220127_F4_run2_fluorescence,raw,4,2536,635,,,,,,0.5796034946236559,0.5437125748502993,0.6153763440860216
bout_state,classification,transfer_raw_to_clean,raw,jade/keep_top_06/cleaned_jade_220127_F4_run2_fluorescence,0,2536,635,,,,,,0.6347517730496454,0.569061088316963,0.7006060606060606
bout_state,classification,transfer_raw_to_clean,raw,jade/keep_top_06/cleaned_jade_220127_F4_run2_fluorescence,1,2533,635,,,,,,0.6280309286089634,0.6291695734384717,0.7119585616695443
bout_state,classification,transfer_raw_to_clean,raw,jade/keep_top_06/cleaned_jade_220127_F4_run2_fluorescence,2,2534,634,,,,,,0.6392705828466736,0.601683262209578,0.7315498683155847
bout_state,classification,transfer_raw_to_clean,raw,jade/keep_top_06/cleaned_jade_220127_F4_run2_fluorescence,3,2533,635,,,,,,0.6276227472120923,0.6162035460405411,0.6993023624544157
bout_state,classification,transfer_raw_to_clean,raw,jade/keep_top_06/cleaned_jade_220127_F4_run2_fluorescence,4,2536,635,,,,,,0.5938844086021505,0.5988744365004164,0.6565188172043012
bout_state,classification,transfer_clean_to_raw,jade/keep_top_06/cleaned_jade_220127_F4_run2_fluorescence,raw,0,2536,635,,,,,,0.6177949709864603,0.5607096519875424,0.6853320438426822
bout_state,classification,transfer_clean_to_raw,jade/keep_top_06/cleaned_jade_220127_F4_run2_fluorescence,raw,1,2533,635,,,,,,0.6021069489277582,0.587063998477917,0.6627755673998449
bout_state,classification,transfer_clean_to_raw,jade/keep_top_06/cleaned_jade_220127_F4_run2_fluorescence,raw,2,2534,634,,,,,,0.5977184243673422,0.52668906308324,0.6549796747967479
bout_state,classification,transfer_clean_to_raw,jade/keep_top_06/cleaned_jade_220127_F4_run2_fluorescence,raw,3,2533,635,,,,,,0.607697796099572,0.5979826912202197,0.6537313038422917
bout_state,classification,transfer_clean_to_raw,jade/keep_top_06/cleaned_jade_220127_F4_run2_fluorescence,raw,4,2536,635,,,,,,0.5730510752688172,0.5742570193202343,0.6302553763440859
bout_state,classification,transfer_raw_to_clean,raw,sobi/keep_top_01/cleaned_sobi_220127_F4_run2_fluorescence,0,2536,635,,,,,,0.5275950999355254,0.46211069558335294,0.5426305609284333
bout_state,classification,transfer_raw_to_clean,raw,sobi/keep_top_01/cleaned_sobi_220127_F4_run2_fluorescence,1,2533,635,,,,,,0.4773477967119586,0.45833968012185833,0.5227835748066962
bout_state,classification,transfer_raw_to_clean,raw,sobi/keep_top_01/cleaned_sobi_220127_F4_run2_fluorescence,2,2534,634,,,,,,0.48190770640100766,0.4807602577698018,0.5036642619947326
bout_state,classification,transfer_raw_to_clean,raw,sobi/keep_top_01/cleaned_sobi_220127_F4_run2_fluorescence,3,2533,635,,,,,,0.459859415464299,0.4606933507680573,0.48125099096242274
bout_state,classification,transfer_raw_to_clean,raw,sobi/keep_top_01/cleaned_sobi_220127_F4_run2_fluorescence,4,2536,635,,,,,,0.5078965053763441,0.46202397593934,0.5353494623655914
bout_state,classification,transfer_clean_to_raw,sobi/keep_top_01/cleaned_sobi_220127_F4_run2_fluorescence,raw,0,2536,635,,,,,,0.5482914248871695,0.4156552841172633,0.5744551901998711
bout_state,classification,transfer_clean_to_raw,sobi/keep_top_01/cleaned_sobi_220127_F4_run2_fluorescence,raw,1,2533,635,,,,,,0.5642782073417911,0.5274307156932623,0.5750944623776995
bout_state,classification,transfer_clean_to_raw,sobi/keep_top_01/cleaned_sobi_220127_F4_run2_fluorescence,raw,2,2534,634,,,,,,0.5517863277224322,0.3531370753890941,0.6012681781747394
bout_state,classification,transfer_clean_to_raw,sobi/keep_top_01/cleaned_sobi_220127_F4_run2_fluorescence,raw,3,2533,635,,,,,,0.5759936049891654,0.5157650647410359,0.5941017916600603
bout_state,classification,transfer_clean_to_raw,sobi/keep_top_01/cleaned_sobi_220127_F4_run2_fluorescence,raw,4,2536,635,,,,,,0.5546370967741936,0.5292809488510007,0.5594623655913978
bout_state,classification,transfer_raw_to_clean,raw,sobi/keep_top_02/cleaned_sobi_220127_F4_run2_fluorescence,0,2536,635,,,,,,0.6136363636363636,0.5441025641025641,0.6534751773049645
bout_state,classification,transfer_raw_to_clean,raw,sobi/keep_top_02/cleaned_sobi_220127_F4_run2_fluorescence,1,2533,635,,,,,,0.5983910116858093,0.6027321988341647,0.7046267797712884
bout_state,classification,transfer_raw_to_clean,raw,sobi/keep_top_02/cleaned_sobi_220127_F4_run2_fluorescence,2,2534,634,,,,,,0.665478644223062,0.6229172029933688,0.7383058513683728
bout_state,classification,transfer_raw_to_clean,raw,sobi/keep_top_02/cleaned_sobi_220127_F4_run2_fluorescence,3,2533,635,,,,,,0.5835843771470852,0.5767572209356757,0.6618043443792611
bout_state,classification,transfer_raw_to_clean,raw,sobi/keep_top_02/cleaned_sobi_220127_F4_run2_fluorescence,4,2536,635,,,,,,0.620766129032258,0.6342165898617511,0.6856048387096774
bout_state,classification,transfer_clean_to_raw,sobi/keep_top_02/cleaned_sobi_220127_F4_run2_fluorescence,raw,0,2536,635,,,,,,0.6557059961315281,0.5919023136246786,0.6916698903932946
bout_state,classification,transfer_clean_to_raw,sobi/keep_top_02/cleaned_sobi_220127_F4_run2_fluorescence,raw,1,2533,635,,,,,,0.6673985936991718,0.6677007442224834,0.7252583639866876
bout_state,classification,transfer_clean_to_raw,sobi/keep_top_02/cleaned_sobi_220127_F4_run2_fluorescence,raw,2,2534,634,,,,,,0.6321281346616283,0.5608135167606533,0.6764714302072597
bout_state,classification,transfer_clean_to_raw,sobi/keep_top_02/cleaned_sobi_220127_F4_run2_fluorescence,raw,3,2533,635,,,,,,0.5928862110882089,0.5589597160055564,0.6349822948047144
bout_state,classification,transfer_clean_to_raw,sobi/keep_top_02/cleaned_sobi_220127_F4_run2_fluorescence,raw,4,2536,635,,,,,,0.5775873655913979,0.5679673670437928,0.6125403225806452
bout_state,classification,transfer_raw_to_clean,raw,sobi/keep_top_03/cleaned_sobi_220127_F4_run2_fluorescence,0,2536,635,,,,,,0.6165054803352675,0.5437903483541068,0.6526627981947131
bout_state,classification,transfer_raw_to_clean,raw,sobi/keep_top_03/cleaned_sobi_220127_F4_run2_fluorescence,1,2533,635,,,,,,0.5980344318494608,0.6018599673701454,0.6921527412856893
bout_state,classification,transfer_raw_to_clean,raw,sobi/keep_top_03/cleaned_sobi_220127_F4_run2_fluorescence,2,2534,634,,,,,,0.6710322913088286,0.6279871977240398,0.7298894995992214
bout_state,classification,transfer_raw_to_clean,raw,sobi/keep_top_03/cleaned_sobi_220127_F4_run2_fluorescence,3,2533,635,,,,,,0.6014283071719253,0.5958421556765476,0.6621743036837376
bout_state,classification,transfer_raw_to_clean,raw,sobi/keep_top_03/cleaned_sobi_220127_F4_run2_fluorescence,4,2536,635,,,,,,0.6079637096774193,0.6191843949245628,0.6780645161290324
bout_state,classification,transfer_clean_to_raw,sobi/keep_top_03/cleaned_sobi_220127_F4_run2_fluorescence,raw,0,2536,635,,,,,,0.6504835589941973,0.6296795982138971,0.7067698259187621
bout_state,classification,transfer_clean_to_raw,sobi/keep_top_03/cleaned_sobi_220127_F4_run2_fluorescence,raw,1,2533,635,,,,,,0.6277243950654355,0.6164530257448739,0.671345995045417
bout_state,classification,transfer_clean_to_raw,sobi/keep_top_03/cleaned_sobi_220127_F4_run2_fluorescence,raw,2,2534,634,,,,,,0.6274046719340434,0.5768025433028997,0.6721344326119317
bout_state,classification,transfer_clean_to_raw,sobi/keep_top_03/cleaned_sobi_220127_F4_run2_fluorescence,raw,3,2533,635,,,,,,0.5530957666085302,0.5376534220927813,0.6065350668569315
bout_state,classification,transfer_clean_to_raw,sobi/keep_top_03/cleaned_sobi_220127_F4_run2_fluorescence,raw,4,2536,635,,,,,,0.5584341397849463,0.5499645641389086,0.6055376344086022
bout_state,classification,transfer_raw_to_clean,raw,sobi/keep_top_04/cleaned_sobi_220127_F4_run2_fluorescence,0,2536,635,,,,,,0.7004190844616376,0.623948051948052,0.7688201160541587
bout_state,classification,transfer_raw_to_clean,raw,sobi/keep_top_04/cleaned_sobi_220127_F4_run2_fluorescence,1,2533,635,,,,,,0.6836448715061432,0.685295259620757,0.7814353276781022
bout_state,classification,transfer_raw_to_clean,raw,sobi/keep_top_04/cleaned_sobi_220127_F4_run2_fluorescence,2,2534,634,,,,,,0.7021785182640559,0.6465053607313362,0.7929262567273561
bout_state,classification,transfer_raw_to_clean,raw,sobi/keep_top_04/cleaned_sobi_220127_F4_run2_fluorescence,3,2533,635,,,,,,0.6622337614291,0.6487227399011629,0.7411738280217748
bout_state,classification,transfer_raw_to_clean,raw,sobi/keep_top_04/cleaned_sobi_220127_F4_run2_fluorescence,4,2536,635,,,,,,0.6248991935483871,0.6312939709680292,0.7011693548387097
bout_state,classification,transfer_clean_to_raw,sobi/keep_top_04/cleaned_sobi_220127_F4_run2_fluorescence,raw,0,2536,635,,,,,,0.6244358478401032,0.6107513125982783,0.6803997421018697
bout_state,classification,transfer_clean_to_raw,sobi/keep_top_04/cleaned_sobi_220127_F4_run2_fluorescence,raw,1,2533,635,,,,,,0.6349435728048445,0.6240885752467588,0.6976328103495733
bout_state,classification,transfer_clean_to_raw,sobi/keep_top_04/cleaned_sobi_220127_F4_run2_fluorescence,raw,2,2534,634,,,,,,0.6511794343295545,0.6004079574624129,0.7152324516202909
bout_state,classification,transfer_clean_to_raw,sobi/keep_top_04/cleaned_sobi_220127_F4_run2_fluorescence,raw,3,2533,635,,,,,,0.5740447122245125,0.5509142960599271,0.6422163204904603
bout_state,classification,transfer_clean_to_raw,sobi/keep_top_04/cleaned_sobi_220127_F4_run2_fluorescence,raw,4,2536,635,,,,,,0.5904905913978494,0.5786716975132167,0.6389919354838709
bout_state,classification,transfer_raw_to_clean,raw,sobi/keep_top_05/cleaned_sobi_220127_F4_run2_fluorescence,0,2536,635,,,,,,0.6925531914893617,0.6217631199448241,0.7602578981302385
bout_state,classification,transfer_raw_to_clean,raw,sobi/keep_top_05/cleaned_sobi_220127_F4_run2_fluorescence,1,2533,635,,,,,,0.6782336160948877,0.6782336160948877,0.7728899231789405
bout_state,classification,transfer_raw_to_clean,raw,sobi/keep_top_05/cleaned_sobi_220127_F4_run2_fluorescence,2,2534,634,,,,,,0.6951362647429291,0.6418204268008574,0.7821195465475782
bout_state,classification,transfer_raw_to_clean,raw,sobi/keep_top_05/cleaned_sobi_220127_F4_run2_fluorescence,3,2533,635,,,,,,0.6674792558532847,0.6539829138767028,0.7397468421330796
bout_state,classification,transfer_raw_to_clean,raw,sobi/keep_top_05/cleaned_sobi_220127_F4_run2_fluorescence,4,2536,635,,,,,,0.6205309139784947,0.6275579416283747,0.6882258064516128
bout_state,classification,transfer_clean_to_raw,sobi/keep_top_05/cleaned_sobi_220127_F4_run2_fluorescence,raw,0,2536,635,,,,,,0.6514829142488717,0.6206765030050285,0.7050419084461639
bout_state,classification,transfer_clean_to_raw,sobi/keep_top_05/cleaned_sobi_220127_F4_run2_fluorescence,raw,1,2533,635,,,,,,0.6254723118884968,0.6319257522053141,0.7223306558566676
bout_state,classification,transfer_clean_to_raw,sobi/keep_top_05/cleaned_sobi_220127_F4_run2_fluorescence,raw,2,2534,634,,,,,,0.6479875186075804,0.5876854371641895,0.7190541623726097
bout_state,classification,transfer_clean_to_raw,sobi/keep_top_05/cleaned_sobi_220127_F4_run2_fluorescence,raw,3,2533,635,,,,,,0.6044342265207969,0.5713285605940643,0.6604698483166852
bout_state,classification,transfer_clean_to_raw,sobi/keep_top_05/cleaned_sobi_220127_F4_run2_fluorescence,raw,4,2536,635,,,,,,0.6078965053763441,0.602869116698904,0.6354166666666667
bout_state,classification,transfer_raw_to_clean,raw,sobi/keep_top_06/cleaned_sobi_220127_F4_run2_fluorescence,0,2536,635,,,,,,0.6836234687298517,0.6180576531617309,0.759806576402321
bout_state,classification,transfer_raw_to_clean,raw,sobi/keep_top_06/cleaned_sobi_220127_F4_run2_fluorescence,1,2533,635,,,,,,0.6930410629832595,0.6926917300745283,0.7727773190200936
bout_state,classification,transfer_raw_to_clean,raw,sobi/keep_top_06/cleaned_sobi_220127_F4_run2_fluorescence,2,2534,634,,,,,,0.698185045230734,0.6458525258019894,0.7957603343639069
bout_state,classification,transfer_raw_to_clean,raw,sobi/keep_top_06/cleaned_sobi_220127_F4_run2_fluorescence,3,2533,635,,,,,,0.6748189841974526,0.6604319819044575,0.7462211299614185
bout_state,classification,transfer_raw_to_clean,raw,sobi/keep_top_06/cleaned_sobi_220127_F4_run2_fluorescence,4,2536,635,,,,,,0.6314516129032258,0.6366830590159676,0.6973790322580645
bout_state,classification,transfer_clean_to_raw,sobi/keep_top_06/cleaned_sobi_220127_F4_run2_fluorescence,raw,0,2536,635,,,,,,0.6788523533204385,0.6303831669685329,0.718916827852998
bout_state,classification,transfer_clean_to_raw,sobi/keep_top_06/cleaned_sobi_220127_F4_run2_fluorescence,raw,1,2533,635,,,,,,0.6533043064834972,0.6560173855409401,0.7168505867927832
bout_state,classification,transfer_clean_to_raw,sobi/keep_top_06/cleaned_sobi_220127_F4_run2_fluorescence,raw,2,2534,634,,,,,,0.6729932440169473,0.6262351626499133,0.7287587312492844
bout_state,classification,transfer_clean_to_raw,sobi/keep_top_06/cleaned_sobi_220127_F4_run2_fluorescence,raw,3,2533,635,,,,,,0.6013093916812008,0.5735416948846449,0.6612361925902436
bout_state,classification,transfer_clean_to_raw,sobi/keep_top_06/cleaned_sobi_220127_F4_run2_fluorescence,raw,4,2536,635,,,,,,0.6059475806451613,0.6092307692307692,0.6509408602150537
bout_state,classification,null_within,raw,raw,0,2536,635,,,,,,0.52664548532105,0.48409836197442546,0.5214912037293967
bout_state,classification,null_within,raw,raw,1,2533,635,,,,,,0.4939890317791029,0.4779565303040252,0.47703379074167207
bout_state,classification,null_within,raw,raw,2,2534,634,,,,,,0.5499690705335692,0.5256056749622926,0.568167105433516
bout_state,classification,null_within,raw,raw,3,2533,635,,,,,,0.5114144736842106,0.5110369609856262,0.5332631578947369
bout_state,classification,null_within,raw,raw,4,2536,635,,,,,,0.49610882088684527,0.39118231495280675,0.4826515511865123
bout_state,classification,null_within,fastica/keep_top_01/cleaned_fastica_220127_F4_run2_fluorescence,fastica/keep_top_01/cleaned_fastica_220127_F4_run2_fluorescence,0,2536,635,,,,,,0.5291636605804984,0.47753164556962024,0.5256812253732172
bout_state,classification,null_within,fastica/keep_top_01/cleaned_fastica_220127_F4_run2_fluorescence,fastica/keep_top_01/cleaned_fastica_220127_F4_run2_fluorescence,1,2533,635,,,,,,0.5089745431903633,0.4236091821753105,0.5112316497832698
bout_state,classification,null_within,fastica/keep_top_01/cleaned_fastica_220127_F4_run2_fluorescence,fastica/keep_top_01/cleaned_fastica_220127_F4_run2_fluorescence,2,2534,634,,,,,,0.5570037259217699,0.5009757938433339,0.5482859321278034
bout_state,classification,null_within,fastica/keep_top_01/cleaned_fastica_220127_F4_run2_fluorescence,fastica/keep_top_01/cleaned_fastica_220127_F4_run2_fluorescence,3,2533,635,,,,,,0.4837171052631579,0.4822571616326332,0.4880657894736842
bout_state,classification,null_within,fastica/keep_top_01/cleaned_fastica_220127_F4_run2_fluorescence,fastica/keep_top_01/cleaned_fastica_220127_F4_run2_fluorescence,4,2536,635,,,,,,0.5351263146768142,0.4930159759057098,0.5343005126578934
bout_state,classification,null_within,fastica/keep_top_02/cleaned_fastica_220127_F4_run2_fluorescence,fastica/keep_top_02/cleaned_fastica_220127_F4_run2_fluorescence,0,2536,635,,,,,,0.5116058049836284,0.49198698329636914,0.5158998834563516
bout_state,classification,null_within,fastica/keep_top_02/cleaned_fastica_220127_F4_run2_fluorescence,fastica/keep_top_02/cleaned_fastica_220127_F4_run2_fluorescence,1,2533,635,,,,,,0.48912158440500997,0.39990475269185266,0.4939171875374189
bout_state,classification,null_within,fastica/keep_top_02/cleaned_fastica_220127_F4_run2_fluorescence,fastica/keep_top_02/cleaned_fastica_220127_F4_run2_fluorescence,2,2534,634,,,,,,0.5341950426538922,0.4796707541697075,0.5400572554773927
bout_state,classification,null_within,fastica/keep_top_02/cleaned_fastica_220127_F4_run2_fluorescence,fastica/keep_top_02/cleaned_fastica_220127_F4_run2_fluorescence,3,2533,635,,,,,,0.4989802631578947,0.48739410110211334,0.49599999999999994
bout_state,classification,null_within,fastica/keep_top_02/cleaned_fastica_220127_F4_run2_fluorescence,fastica/keep_top_02/cleaned_fastica_220127_F4_run2_fluorescence,4,2536,635,,,,,,0.4839133766714233,0.4807880538579068,0.47965223825379205
bout_state,classification,null_within,fastica/keep_top_03/cleaned_fastica_220127_F4_run2_fluorescence,fastica/keep_top_03/cleaned_fastica_220127_F4_run2_fluorescence,0,2536,635,,,,,,0.5054803263222154,0.4748212828330527,0.493923081192075
bout_state,classification,null_within,fastica/keep_top_03/cleaned_fastica_220127_F4_run2_fluorescence,fastica/keep_top_03/cleaned_fastica_220127_F4_run2_fluorescence,1,2533,635,,,,,,0.4765189070096032,0.448919790900923,0.4920731853341955
bout_state,classification,null_within,fastica/keep_top_03/cleaned_fastica_220127_F4_run2_fluorescence,fastica/keep_top_03/cleaned_fastica_220127_F4_run2_fluorescence,2,2534,634,,,,,,0.5128609037158517,0.4287194802874245,0.5328355847107735
bout_state,classification,null_within,fastica/keep_top_03/cleaned_fastica_220127_F4_run2_fluorescence,fastica/keep_top_03/cleaned_fastica_220127_F4_run2_fluorescence,3,2533,635,,,,,,0.5049342105263158,0.504907356448358,0.49317105263157895
bout_state,classification,null_within,fastica/keep_top_03/cleaned_fastica_220127_F4_run2_fluorescence,fastica/keep_top_03/cleaned_fastica_220127_F4_run2_fluorescence,4,2536,635,,,,,,0.513186406638127,0.493687707641196,0.5170577665028275
bout_state,classification,null_within,fastica/keep_top_04/cleaned_fastica_220127_F4_run2_fluorescence,fastica/keep_top_04/cleaned_fastica_220127_F4_run2_fluorescence,0,2536,635,,,,,,0.494644541872468,0.49180152248437187,0.4722653865364338
bout_state,classification,null_within,fastica/keep_top_04/cleaned_fastica_220127_F4_run2_fluorescence,fastica/keep_top_04/cleaned_fastica_220127_F4_run2_fluorescence,1,2533,635,,,,,,0.5136084967789831,0.509058532269364,0.5176796704744114
bout_state,classification,null_within,fastica/keep_top_04/cleaned_fastica_220127_F4_run2_fluorescence,fastica/keep_top_04/cleaned_fastica_220127_F4_run2_fluorescence,2,2534,634,,,,,,0.5301742120178959,0.4944855196101391,0.5503215225928962
bout_state,classification,null_within,fastica/keep_top_04/cleaned_fastica_220127_F4_run2_fluorescence,fastica/keep_top_04/cleaned_fastica_220127_F4_run2_fluorescence,3,2533,635,,,,,,0.505953947368421,0.5058526658526659,0.5093552631578947
bout_state,classification,null_within,fastica/keep_top_04/cleaned_fastica_220127_F4_run2_fluorescence,fastica/keep_top_04/cleaned_fastica_220127_F4_run2_fluorescence,4,2536,635,,,,,,0.481779504254532,0.47527332824815666,0.5031182284234448
bout_state,classification,null_within,fastica/keep_top_05/cleaned_fastica_220127_F4_run2_fluorescence,fastica/keep_top_05/cleaned_fastica_220127_F4_run2_fluorescence,0,2536,635,,,,,,0.49033658915589096,0.4903884902989367,0.44892890837449356
bout_state,classification,null_within,fastica/keep_top_05/cleaned_fastica_220127_F4_run2_fluorescence,fastica/keep_top_05/cleaned_fastica_220127_F4_run2_fluorescence,1,2533,635,,,,,,0.5052745647436359,0.5029495178672717,0.5066815144766147
bout_state,classification,null_within,fastica/keep_top_05/cleaned_fastica_220127_F4_run2_fluorescence,fastica/keep_top_05/cleaned_fastica_220127_F4_run2_fluorescence,2,2534,634,,,,,,0.5149108799792844,0.44677137870855144,0.5449556198121215
bout_state,classification,null_within,fastica/keep_top_05/cleaned_fastica_220127_F4_run2_fluorescence,fastica/keep_top_05/cleaned_fastica_220127_F4_run2_fluorescence,3,2533,635,,,,,,0.4940131578947369,0.4892962743938498,0.49332894736842103
bout_state,classification,null_within,fastica/keep_top_05/cleaned_fastica_220127_F4_run2_fluorescence,fastica/keep_top_05/cleaned_fastica_220127_F4_run2_fluorescence,4,2536,635,,,,,,0.5351527403414196,0.4995658852601349,0.5304423656254954
bout_state,classification,null_within,fastica/keep_top_06/cleaned_fastica_220127_F4_run2_fluorescence,fastica/keep_top_06/cleaned_fastica_220127_F4_run2_fluorescence,0,2536,635,,,,,,0.5008740773627838,0.4862815801030904,0.5122787058105333
bout_state,classification,null_within,fastica/keep_top_06/cleaned_fastica_220127_F4_run2_fluorescence,fastica/keep_top_06/cleaned_fastica_220127_F4_run2_fluorescence,1,2533,635,,,,,,0.4858826065090883,0.4830835452071903,0.49051656009770817
bout_state,classification,null_within,fastica/keep_top_06/cleaned_fastica_220127_F4_run2_fluorescence,fastica/keep_top_06/cleaned_fastica_220127_F4_run2_fluorescence,2,2534,634,,,,,,0.5707205846388446,0.53138779151268,0.5806971357875506
bout_state,classification,null_within,fastica/keep_top_06/cleaned_fastica_220127_F4_run2_fluorescence,fastica/keep_top_06/cleaned_fastica_220127_F4_run2_fluorescence,3,2533,635,,,,,,0.5065460526315789,0.500561797752809,0.5195526315789474
bout_state,classification,null_within,fastica/keep_top_06/cleaned_fastica_220127_F4_run2_fluorescence,fastica/keep_top_06/cleaned_fastica_220127_F4_run2_fluorescence,4,2536,635,,,,,,0.5078021774747634,0.45616922780171026,0.4883594947412927
bout_state,classification,null_within,infomax/keep_top_01/cleaned_infomax_220127_F4_run2_fluorescence,infomax/keep_top_01/cleaned_infomax_220127_F4_run2_fluorescence,0,2536,635,,,,,,0.44862367500971195,0.28917910447761197,0.44344858205227816
bout_state,classification,null_within,infomax/keep_top_01/cleaned_infomax_220127_F4_run2_fluorescence,infomax/keep_top_01/cleaned_infomax_220127_F4_run2_fluorescence,1,2533,635,,,,,,0.494168642383313,0.4777056277056277,0.48072179514811886
bout_state,classification,null_within,infomax/keep_top_01/cleaned_infomax_220127_F4_run2_fluorescence,infomax/keep_top_01/cleaned_infomax_220127_F4_run2_fluorescence,2,2534,634,,,,,,0.4942025232690288,0.4683877987700057,0.5028843525671457
bout_state,classification,null_within,infomax/keep_top_01/cleaned_infomax_220127_F4_run2_fluorescence,infomax/keep_top_01/cleaned_infomax_220127_F4_run2_fluorescence,3,2533,635,,,,,,0.4862828947368421,0.4714318504240768,0.49007894736842106
bout_state,classification,null_within,infomax/keep_top_01/cleaned_infomax_220127_F4_run2_fluorescence,infomax/keep_top_01/cleaned_infomax_220127_F4_run2_fluorescence,4,2536,635,,,,,,0.5067913958036044,0.4658233536062867,0.4986258654405158
bout_state,classification,null_within,infomax/keep_top_02/cleaned_infomax_220127_F4_run2_fluorescence,infomax/keep_top_02/cleaned_infomax_220127_F4_run2_fluorescence,0,2536,635,,,,,,0.45332704367611965,0.28865532830143587,0.4505521949053776
bout_state,classification,null_within,infomax/keep_top_02/cleaned_infomax_220127_F4_run2_fluorescence,infomax/keep_top_02/cleaned_infomax_220127_F4_run2_fluorescence,1,2533,635,,,,,,0.5061127475632828,0.49810996563573884,0.4799554565701559
bout_state,classification,null_within,infomax/keep_top_02/cleaned_infomax_220127_F4_run2_fluorescence,infomax/keep_top_02/cleaned_infomax_220127_F4_run2_fluorescence,2,2534,634,,,,,,0.5200825744824709,0.5043239923914509,0.5302892984046149
bout_state,classification,null_within,infomax/keep_top_02/cleaned_infomax_220127_F4_run2_fluorescence,infomax/keep_top_02/cleaned_infomax_220127_F4_run2_fluorescence,3,2533,635,,,,,,0.48713815789473686,0.4652111946100026,0.4595
bout_state,classification,null_within,infomax/keep_top_02/cleaned_infomax_220127_F4_run2_fluorescence,infomax/keep_top_02/cleaned_infomax_220127_F4_run2_fluorescence,4,2536,635,,,,,,0.5026161407959411,0.46748417721518987,0.4903282067543999
bout_state,classification,null_within,infomax/keep_top_03/cleaned_infomax_220127_F4_run2_fluorescence,infomax/keep_top_03/cleaned_infomax_220127_F4_run2_fluorescence,0,2536,635,,,,,,0.46547394417004273,0.4142428677440633,0.4485543037904435
bout_state,classification,null_within,infomax/keep_top_03/cleaned_infomax_220127_F4_run2_fluorescence,infomax/keep_top_03/cleaned_infomax_220127_F4_run2_fluorescence,1,2533,635,,,,,,0.49786263380990015,0.4965812919825644,0.4937256028929281
bout_state,classification,null_within,infomax/keep_top_03/cleaned_infomax_220127_F4_run2_fluorescence,infomax/keep_top_03/cleaned_infomax_220127_F4_run2_fluorescence,2,2534,634,,,,,,0.5139470314905126,0.4755623240169601,0.5243335778919052
bout_state,classification,null_within,infomax/keep_top_03/cleaned_infomax_220127_F4_run2_fluorescence,infomax/keep_top_03/cleaned_infomax_220127_F4_run2_fluorescence,3,2533,635,,,,,,0.4596710526315789,0.42932681254833116,0.4451973684210527
bout_state,classification,null_within,infomax/keep_top_03/cleaned_infomax_220127_F4_run2_fluorescence,infomax/keep_top_03/cleaned_infomax_220127_F4_run2_fluorescence,4,2536,635,,,,,,0.4594762433275197,0.39261909244963283,0.45716399767454147
bout_state,classification,null_within,infomax/keep_top_04/cleaned_infomax_220127_F4_run2_fluorescence,infomax/keep_top_04/cleaned_infomax_220127_F4_run2_fluorescence,0,2536,635,,,,,,0.48276125201176534,0.4431237056760069,0.4987096953216049
bout_state,classification,null_within,infomax/keep_top_04/cleaned_infomax_220127_F4_run2_fluorescence,infomax/keep_top_04/cleaned_infomax_220127_F4_run2_fluorescence,1,2533,635,,,,,,0.5082740618339441,0.4921863659277519,0.5138060684436143
bout_state,classification,null_within,infomax/keep_top_04/cleaned_infomax_220127_F4_run2_fluorescence,infomax/keep_top_04/cleaned_infomax_220127_F4_run2_fluorescence,2,2534,634,,,,,,0.5313178829859163,0.5322626411667897,0.5491490800281961
bout_state,classification,null_within,infomax/keep_top_04/cleaned_infomax_220127_F4_run2_fluorescence,infomax/keep_top_04/cleaned_infomax_220127_F4_run2_fluorescence,3,2533,635,,,,,,0.47365131578947367,0.45748865190345045,0.46775
bout_state,classification,null_within,infomax/keep_top_04/cleaned_infomax_220127_F4_run2_fluorescence,infomax/keep_top_04/cleaned_infomax_220127_F4_run2_fluorescence,4,2536,635,,,,,,0.4690357274985466,0.43596254728614126,0.45668833571164313
bout_state,classification,null_within,infomax/keep_top_05/cleaned_infomax_220127_F4_run2_fluorescence,infomax/keep_top_05/cleaned_infomax_220127_F4_run2_fluorescence,0,2536,635,,,,,,0.5149911204839336,0.43485999863079344,0.5036142405238914
bout_state,classification,null_within,infomax/keep_top_05/cleaned_infomax_220127_F4_run2_fluorescence,infomax/keep_top_05/cleaned_infomax_220127_F4_run2_fluorescence,1,2533,635,,,,,,0.5325394544627249,0.5293399927020617,0.5065378259932467
bout_state,classification,null_within,infomax/keep_top_05/cleaned_infomax_220127_F4_run2_fluorescence,infomax/keep_top_05/cleaned_infomax_220127_F4_run2_fluorescence,2,2534,634,,,,,,0.5175938313696719,0.5141955835962144,0.537769913541352
bout_state,classification,null_within,infomax/keep_top_05/cleaned_infomax_220127_F4_run2_fluorescence,infomax/keep_top_05/cleaned_infomax_220127_F4_run2_fluorescence,3,2533,635,,,,,,0.4861184210526316,0.4653449531498312,0.4854671052631579
bout_state,classification,null_within,infomax/keep_top_05/cleaned_infomax_220127_F4_run2_fluorescence,infomax/keep_top_05/cleaned_infomax_220127_F4_run2_fluorescence,4,2536,635,,,,,,0.4900969821891021,0.4714129244249726,0.47657364832725546
bout_state,classification,null_within,infomax/keep_top_06/cleaned_infomax_220127_F4_run2_fluorescence,infomax/keep_top_06/cleaned_infomax_220127_F4_run2_fluorescence,0,2536,635,,,,,,0.47981991231477883,0.36984696656544025,0.5139297408291248
bout_state,classification,null_within,infomax/keep_top_06/cleaned_infomax_220127_F4_run2_fluorescence,infomax/keep_top_06/cleaned_infomax_220127_F4_run2_fluorescence,1,2533,635,,,,,,0.5109203247359724,0.5067010194044532,0.48994180616423594
bout_state,classification,null_within,infomax/keep_top_06/cleaned_infomax_220127_F4_run2_fluorescence,infomax/keep_top_06/cleaned_infomax_220127_F4_run2_fluorescence,2,2534,634,,,,,,0.5793736423402817,0.556853544685403,0.5820925582265187
bout_state,classification,null_within,infomax/keep_top_06/cleaned_infomax_220127_F4_run2_fluorescence,infomax/keep_top_06/cleaned_infomax_220127_F4_run2_fluorescence,3,2533,635,,,,,,0.5236842105263158,0.5231992128838486,0.5175921052631579
bout_state,classification,null_within,infomax/keep_top_06/cleaned_infomax_220127_F4_run2_fluorescence,infomax/keep_top_06/cleaned_infomax_220127_F4_run2_fluorescence,4,2536,635,,,,,,0.480696052005708,0.46979345011681156,0.4746049363141483
bout_state,classification,null_within,jade/keep_top_01/cleaned_jade_220127_F4_run2_fluorescence,jade/keep_top_01/cleaned_jade_220127_F4_run2_fluorescence,0,2536,635,,,,,,0.536648815139575,0.4846283386339062,0.5451467894999723
bout_state,classification,null_within,jade/keep_top_01/cleaned_jade_220127_F4_run2_fluorescence,jade/keep_top_01/cleaned_jade_220127_F4_run2_fluorescence,1,2533,635,,,,,,0.48339200613070865,0.4594354786857841,0.4968029312450607
bout_state,classification,null_within,jade/keep_top_01/cleaned_jade_220127_F4_run2_fluorescence,jade/keep_top_01/cleaned_jade_220127_F4_run2_fluorescence,2,2534,634,,,,,,0.5484873333045617,0.5383966891477622,0.5745687856947621
bout_state,classification,null_within,jade/keep_top_01/cleaned_jade_220127_F4_run2_fluorescence,jade/keep_top_01/cleaned_jade_220127_F4_run2_fluorescence,3,2533,635,,,,,,0.48358552631578944,0.4802121147412627,0.4771710526315789
bout_state,classification,null_within,jade/keep_top_01/cleaned_jade_220127_F4_run2_fluorescence,jade/keep_top_01/cleaned_jade_220127_F4_run2_fluorescence,4,2536,635,,,,,,0.5485703715448444,0.4404088582637963,0.5821045399291793
bout_state,classification,null_within,jade/keep_top_02/cleaned_jade_220127_F4_run2_fluorescence,jade/keep_top_02/cleaned_jade_220127_F4_run2_fluorescence,0,2536,635,,,,,,0.5128336755646817,0.4766969016565748,0.5316055274987513
bout_state,classification,null_within,jade/keep_top_02/cleaned_jade_220127_F4_run2_fluorescence,jade/keep_top_02/cleaned_jade_220127_F4_run2_fluorescence,1,2533,635,,,,,,0.5035503029432191,0.4896161875532189,0.5164164092248006
bout_state,classification,null_within,jade/keep_top_02/cleaned_jade_220127_F4_run2_fluorescence,jade/keep_top_02/cleaned_jade_220127_F4_run2_fluorescence,2,2534,634,,,,,,0.54038812883921,0.533416695973845,0.5561118064246976
bout_state,classification,null_within,jade/keep_top_02/cleaned_jade_220127_F4_run2_fluorescence,jade/keep_top_02/cleaned_jade_220127_F4_run2_fluorescence,3,2533,635,,,,,,0.46154605263157894,0.45865302642796246,0.46814473684210534
bout_state,classification,null_within,jade/keep_top_02/cleaned_jade_220127_F4_run2_fluorescence,jade/keep_top_02/cleaned_jade_220127_F4_run2_fluorescence,4,2536,635,,,,,,0.49725173088103164,0.4282612149780202,0.5124597008614766
bout_state,classification,null_within,jade/keep_top_03/cleaned_jade_220127_F4_run2_fluorescence,jade/keep_top_03/cleaned_jade_220127_F4_run2_fluorescence,0,2536,635,,,,,,0.5147552583384205,0.47364058355437666,0.520284144514124
bout_state,classification,null_within,jade/keep_top_03/cleaned_jade_220127_F4_run2_fluorescence,jade/keep_top_03/cleaned_jade_220127_F4_run2_fluorescence,1,2533,635,,,,,,0.5193680101539861,0.5161719761279595,0.5121656249251623
bout_state,classification,null_within,jade/keep_top_03/cleaned_jade_220127_F4_run2_fluorescence,jade/keep_top_03/cleaned_jade_220127_F4_run2_fluorescence,2,2534,634,,,,,,0.5276495044092472,0.49673300470345627,0.5416396932947795
bout_state,classification,null_within,jade/keep_top_03/cleaned_jade_220127_F4_run2_fluorescence,jade/keep_top_03/cleaned_jade_220127_F4_run2_fluorescence,3,2533,635,,,,,,0.4989802631578947,0.48739410110211334,0.48746052631578946
bout_state,classification,null_within,jade/keep_top_03/cleaned_jade_220127_F4_run2_fluorescence,jade/keep_top_03/cleaned_jade_220127_F4_run2_fluorescence,4,2536,635,,,,,,0.50454521431214,0.4164069367857428,0.49719887955182085
bout_state,classification,null_within,jade/keep_top_04/cleaned_jade_220127_F4_run2_fluorescence,jade/keep_top_04/cleaned_jade_220127_F4_run2_fluorescence,0,2536,635,,,,,,0.5094552971863033,0.474462859986585,0.5261945723958045
bout_state,classification,null_within,jade/keep_top_04/cleaned_jade_220127_F4_run2_fluorescence,jade/keep_top_04/cleaned_jade_220127_F4_run2_fluorescence,1,2533,635,,,,,,0.5251275235289892,0.5231045466709253,0.5108724285748498
bout_state,classification,null_within,jade/keep_top_04/cleaned_jade_220127_F4_run2_fluorescence,jade/keep_top_04/cleaned_jade_220127_F4_run2_fluorescence,2,2534,634,,,,,,0.5398126969056147,0.5074289991833772,0.5419417950599168
bout_state,classification,null_within,jade/keep_top_04/cleaned_jade_220127_F4_run2_fluorescence,jade/keep_top_04/cleaned_jade_220127_F4_run2_fluorescence,3,2533,635,,,,,,0.48865131578947374,0.4814920610189249,0.49688157894736845
bout_state,classification,null_within,jade/keep_top_04/cleaned_jade_220127_F4_run2_fluorescence,jade/keep_top_04/cleaned_jade_220127_F4_run2_fluorescence,4,2536,635,,,,,,0.5244107076792981,0.4059220436311478,0.5110987791342952
bout_state,classification,null_within,jade/keep_top_05/cleaned_jade_220127_F4_run2_fluorescence,jade/keep_top_05/cleaned_jade_220127_F4_run2_fluorescence,0,2536,635,,,,,,0.5343595649037127,0.5122887864823349,0.5324796048615351
bout_state,classification,null_within,jade/keep_top_05/cleaned_jade_220127_F4_run2_fluorescence,jade/keep_top_05/cleaned_jade_220127_F4_run2_fluorescence,1,2533,635,,,,,,0.5042028881385157,0.49121434028360067,0.5220202600761549
bout_state,classification,null_within,jade/keep_top_05/cleaned_jade_220127_F4_run2_fluorescence,jade/keep_top_05/cleaned_jade_220127_F4_run2_fluorescence,2,2534,634,,,,,,0.5398055040064449,0.5039471433338849,0.5612043790370146
bout_state,classification,null_within,jade/keep_top_05/cleaned_jade_220127_F4_run2_fluorescence,jade/keep_top_05/cleaned_jade_220127_F4_run2_fluorescence,3,2533,635,,,,,,0.5192434210526315,0.5154151404151404,0.5057105263157895
bout_state,classification,null_within,jade/keep_top_05/cleaned_jade_220127_F4_run2_fluorescence,jade/keep_top_05/cleaned_jade_220127_F4_run2_fluorescence,4,2536,635,,,,,,0.5117726335817346,0.37125436447964977,0.48423709106284013
bout_state,classification,null_within,jade/keep_top_06/cleaned_jade_220127_F4_run2_fluorescence,jade/keep_top_06/cleaned_jade_220127_F4_run2_fluorescence,0,2536,635,,,,,,0.5222750985071314,0.4670827134897997,0.5212692158277374
bout_state,classification,null_within,jade/keep_top_06/cleaned_jade_220127_F4_run2_fluorescence,jade/keep_top_06/cleaned_jade_220127_F4_run2_fluorescence,1,2533,635,,,,,,0.5034006274397107,0.4678987141202999,0.5105132073664296
bout_state,classification,null_within,jade/keep_top_06/cleaned_jade_220127_F4_run2_fluorescence,jade/keep_top_06/cleaned_jade_220127_F4_run2_fluorescence,2,2534,634,,,,,,0.5626645375685123,0.5473278230043245,0.5779494483046337
bout_state,classification,null_within,jade/keep_top_06/cleaned_jade_220127_F4_run2_fluorescence,jade/keep_top_06/cleaned_jade_220127_F4_run2_fluorescence,3,2533,635,,,,,,0.5013815789473685,0.49705751372612317,0.4900394736842105
bout_state,classification,null_within,jade/keep_top_06/cleaned_jade_220127_F4_run2_fluorescence,jade/keep_top_06/cleaned_jade_220127_F4_run2_fluorescence,4,2536,635,,,,,,0.5191387875905079,0.38897486260738445,0.49894297341578137
bout_state,classification,null_within,sobi/keep_top_01/cleaned_sobi_220127_F4_run2_fluorescence,sobi/keep_top_01/cleaned_sobi_220127_F4_run2_fluorescence,0,2536,635,,,,,,0.5175509184749432,0.2822790475395784,0.5387091403518508
bout_state,classification,null_within,sobi/keep_top_01/cleaned_sobi_220127_F4_run2_fluorescence,sobi/keep_top_01/cleaned_sobi_220127_F4_run2_fluorescence,1,2533,635,,,,,,0.4953001891898364,0.44401917227025295,0.49748545154105894
bout_state,classification,null_within,sobi/keep_top_01/cleaned_sobi_220127_F4_run2_fluorescence,sobi/keep_top_01/cleaned_sobi_220127_F4_run2_fluorescence,2,2534,634,,,,,,0.4713147181102816,0.4015670284525914,0.4912030843151641
bout_state,classification,null_within,sobi/keep_top_01/cleaned_sobi_220127_F4_run2_fluorescence,sobi/keep_top_01/cleaned_sobi_220127_F4_run2_fluorescence,3,2533,635,,,,,,0.46611842105263157,0.37887804550240056,0.46598684210526314
bout_state,classification,null_within,sobi/keep_top_01/cleaned_sobi_220127_F4_run2_fluorescence,sobi/keep_top_01/cleaned_sobi_220127_F4_run2_fluorescence,4,2536,635,,,,,,0.5084826383383543,0.2818937587872119,0.5368241636277152
bout_state,classification,null_within,sobi/keep_top_02/cleaned_sobi_220127_F4_run2_fluorescence,sobi/keep_top_02/cleaned_sobi_220127_F4_run2_fluorescence,0,2536,635,,,,,,0.5146650757533714,0.36374007936507935,0.5422331982906932
bout_state,classification,null_within,sobi/keep_top_02/cleaned_sobi_220127_F4_run2_fluorescence,sobi/keep_top_02/cleaned_sobi_220127_F4_run2_fluorescence,1,2533,635,,,,,,0.5094355437411692,0.4220472440944882,0.5056637210527576
bout_state,classification,null_within,sobi/keep_top_02/cleaned_sobi_220127_F4_run2_fluorescence,sobi/keep_top_02/cleaned_sobi_220127_F4_run2_fluorescence,2,2534,634,,,,,,0.5443729949793564,0.511024407948462,0.548098916749385
bout_state,classification,null_within,sobi/keep_top_02/cleaned_sobi_220127_F4_run2_fluorescence,sobi/keep_top_02/cleaned_sobi_220127_F4_run2_fluorescence,3,2533,635,,,,,,0.48789473684210527,0.4861209141577628,0.49911842105263154
bout_state,classification,null_within,sobi/keep_top_02/cleaned_sobi_220127_F4_run2_fluorescence,sobi/keep_top_02/cleaned_sobi_220127_F4_run2_fluorescence,4,2536,635,,,,,,0.5010702394165213,0.22019381580428846,0.5243776755985413
bout_state,classification,null_within,sobi/keep_top_03/cleaned_sobi_220127_F4_run2_fluorescence,sobi/keep_top_03/cleaned_sobi_220127_F4_run2_fluorescence,0,2536,635,,,,,,0.5092679948942782,0.33171032694829183,0.5328264609578778
bout_state,classification,null_within,sobi/keep_top_03/cleaned_sobi_220127_F4_run2_fluorescence,sobi/keep_top_03/cleaned_sobi_220127_F4_run2_fluorescence,1,2533,635,,,,,,0.4853198266158968,0.3967546464067705,0.5123811576502143
bout_state,classification,null_within,sobi/keep_top_03/cleaned_sobi_220127_F4_run2_fluorescence,sobi/keep_top_03/cleaned_sobi_220127_F4_run2_fluorescence,2,2534,634,,,,,,0.5464301641419591,0.5259543719867447,0.5479550587659863
bout_state,classification,null_within,sobi/keep_top_03/cleaned_sobi_220127_F4_run2_fluorescence,sobi/keep_top_03/cleaned_sobi_220127_F4_run2_fluorescence,3,2533,635,,,,,,0.4877302631578947,0.4833380500919768,0.49507894736842106
bout_state,classification,null_within,sobi/keep_top_03/cleaned_sobi_220127_F4_run2_fluorescence,sobi/keep_top_03/cleaned_sobi_220127_F4_run2_fluorescence,4,2536,635,,,,,,0.5105240209291264,0.2402251493018707,0.5270730933882987
bout_state,classification,null_within,sobi/keep_top_04/cleaned_sobi_220127_F4_run2_fluorescence,sobi/keep_top_04/cleaned_sobi_220127_F4_run2_fluorescence,0,2536,635,,,,,,0.5256604140074366,0.38409922480620157,0.5413036239524947
bout_state,classification,null_within,sobi/keep_top_04/cleaned_sobi_220127_F4_run2_fluorescence,sobi/keep_top_04/cleaned_sobi_220127_F4_run2_fluorescence,1,2533,635,,,,,,0.5063582153890366,0.4657920465655624,0.5051248892401274
bout_state,classification,null_within,sobi/keep_top_04/cleaned_sobi_220127_F4_run2_fluorescence,sobi/keep_top_04/cleaned_sobi_220127_F4_run2_fluorescence,2,2534,634,,,,,,0.5413519773279818,0.5172211808809747,0.5741084401478861
bout_state,classification,null_within,sobi/keep_top_04/cleaned_sobi_220127_F4_run2_fluorescence,sobi/keep_top_04/cleaned_sobi_220127_F4_run2_fluorescence,3,2533,635,,,,,,0.4894078947368421,0.47378016441262266,0.4805
bout_state,classification,null_within,sobi/keep_top_04/cleaned_sobi_220127_F4_run2_fluorescence,sobi/keep_top_04/cleaned_sobi_220127_F4_run2_fluorescence,4,2536,635,,,,,,0.5106099043390941,0.30406565656565654,0.5128428729982559
bout_state,classification,null_within,sobi/keep_top_05/cleaned_sobi_220127_F4_run2_fluorescence,sobi/keep_top_05/cleaned_sobi_220127_F4_run2_fluorescence,0,2536,635,,,,,,0.4867778456074144,0.33506203473945406,0.5146095787779565
bout_state,classification,null_within,sobi/keep_top_05/cleaned_sobi_220127_F4_run2_fluorescence,sobi/keep_top_05/cleaned_sobi_220127_F4_run2_fluorescence,1,2533,635,,,,,,0.4970663601312355,0.4479353792884005,0.4987427257705295
bout_state,classification,null_within,sobi/keep_top_05/cleaned_sobi_220127_F4_run2_fluorescence,sobi/keep_top_05/cleaned_sobi_220127_F4_run2_fluorescence,2,2534,634,,,,,,0.5423661761109433,0.5183826225190425,0.5485880338929409
bout_state,classification,null_within,sobi/keep_top_05/cleaned_sobi_220127_F4_run2_fluorescence,sobi/keep_top_05/cleaned_sobi_220127_F4_run2_fluorescence,3,2533,635,,,,,,0.5041447368421053,0.4900543612552508,0.49552631578947365
bout_state,classification,null_within,sobi/keep_top_05/cleaned_sobi_220127_F4_run2_fluorescence,sobi/keep_top_05/cleaned_sobi_220127_F4_run2_fluorescence,4,2536,635,,,,,,0.4917948311400032,0.3286053424302272,0.506421436499128
bout_state,classification,null_within,sobi/keep_top_06/cleaned_sobi_220127_F4_run2_fluorescence,sobi/keep_top_06/cleaned_sobi_220127_F4_run2_fluorescence,0,2536,635,,,,,,0.5337421610522226,0.38578869047619047,0.537987679671458
bout_state,classification,null_within,sobi/keep_top_06/cleaned_sobi_220127_F4_run2_fluorescence,sobi/keep_top_06/cleaned_sobi_220127_F4_run2_fluorescence,1,2533,635,,,,,,0.4958749431233087,0.4543312543312543,0.490869794285988
bout_state,classification,null_within,sobi/keep_top_06/cleaned_sobi_220127_F4_run2_fluorescence,sobi/keep_top_06/cleaned_sobi_220127_F4_run2_fluorescence,2,2534,634,,,,,,0.5206004632227066,0.5084683955860767,0.5315120912635047
bout_state,classification,null_within,sobi/keep_top_06/cleaned_sobi_220127_F4_run2_fluorescence,sobi/keep_top_06/cleaned_sobi_220127_F4_run2_fluorescence,3,2533,635,,,,,,0.48743421052631575,0.475790147584069,0.5088684210526315
bout_state,classification,null_within,sobi/keep_top_06/cleaned_sobi_220127_F4_run2_fluorescence,sobi/keep_top_06/cleaned_sobi_220127_F4_run2_fluorescence,4,2536,635,,,,,,0.4980907457322552,0.3352442671984048,0.5001057026584218
